TranslatedRecipeName,TranslatedIngredients,TotalTimeInMins,Cuisine,TranslatedInstructions,URL,Cleaned-Ingredients,image-url,Ingredient-count,common_recipe_score,common_ratio,rare_ratio,ingredient_count,time_score,simplicity_score
Party Sev Puri Recipe Filled With Potato & Pomegranate Mint Mayo,"1 Green Chilli - finely chopped,Sev - finer one,1 Lemon - squeezed,3 tablespoons Del Monte Mint Mayo,25 Papdi puris,Black Salt (Kala Namak) - to taste,1 Onion - finely chopped,1/2 cup Anardana Powder (Pomegranate Seed Powder),1/2 cup Coriander (Dhania) Leaves - finely chopped,2 Potatoes (Aloo) - boiled",35,North Indian Recipes,"To begin making the Party Sev Puri Recipe Filled With Potato & Pomegranate Mint Mayo, first prep all the ingredients and keep them ready.In a large mixing bowl, add potatoes, pomegranates, chili, Del Monte Mint Mayo, onion, half of the coriander leaves, lemon juice and black salt.
Mix them all very well.
Check the salt and seasoning and adjust according to taste.Arrange 5 to papdi puris on each serving plate, place a spoonful of mixture on the papdi puris and top it with sev.
 Garnish with coriander leaves and serve immediately.Make the delicious Party Sev Puri Recipe Filled With Potato & Pomegranate Mint Mayo and serve it at a chaat party along with Moong Sprouts Usal , Hariyali Pav Bhaji and Orange Mocktail  or as a evening tea time snack.",https://www.archanaskitchen.com/party-sev-puri-recipe-filled-with-potato-pomegranate-mint-mayo,"black salt,green chilli,coriander (dhania) leaves,anardana powder (pomegranate seed powder),lemon,del monte mint mayo,onion,sev finer,papdi puris,potato (aloo)",https://www.archanaskitchen.com/images/archanaskitchen/10-Brands/Del_Monte_Mayo/Potato-Pomegranate-Mint-Mayo-Sev-Puri2.jpg,10,1.0,1.0,0.0,10.0,1.0,1.0
Ayala Fish Fry Recipe,"1/2 teaspoon Fennel Powder,1 teaspoon Ginger Garlic Paste,Salt - to taste,1-1/2 tablespoon Red Chilli powder,1 teaspoon Lemon juice,1/4 teaspoon Turmeric powder (Haldi),4 Fish - ayala (bangada fish),Sunflower Oil - for shallow fry,1 teaspoon Black pepper powder",35,South Indian Recipes,"To begin making the Ayala Fish Fry Recipe, wash and clean fish well.
Leave it whole.
Score the fish on it’s skin on both sides.In a bowl squeeze lime juice.
Add red chilli powder, turmeric powder, fennel powder, black pepper powder, ginger-garlic paste, salt and mix well.
Make a thick paste.Rub the spice paste all over the fish including the slit areas on both the sides.Cover and let the fish marinate in the fridge for 15 minutes.Heat few tablespoons oil in a pan.
Shallow fry the whole fish on medium flame until golden brown on both sides.Serve hot with lime wedges and onion carrot slices if preferred.Serve Ayala Fish Fry with Mixed Vegetable Sambar, Steamed Rice and Elai Vadam for a weekday lunch or dinner.",https://www.archanaskitchen.com/ayala-fish-fry-recipe,"salt,fish ayala (bangada fish),red chilli powder,ginger garlic paste,fennel powder,lemon,black pepper powder,turmeric powder,sunflower oil",https://www.archanaskitchen.com/images/archanaskitchen/1-Author/jyothir/Ayala_Fish_Fry.jpg,9,1.0,1.0,0.0,7.0,1.0,1.0
Keerai Masiyal Recipe," Amaranth leaves - chopped, asafetida - a pinch,500 grams Spinach - chopped, 1 teaspoon white urad dal, 1/2 teaspoon mustard, 1 sprig curry leaves, salt - as per taste 1 teaspoon oil, 1/2 teaspoon cumin seeds",35,South Indian Recipes,"To make Keerai Masli, firstly put Amaranth and Spinach in a pressure cooker with 1 tablespoon of water and salt.
Cook till 1 city comes and keep the cooker under cold water to remove the pressure.
Keep it aside.
Now heat oil in a pan.
Add the mustard seeds, cumin seeds, curry leaves, asafoetida and let it cook for 30 seconds.
Now add spinach and amaranth and let it cook for 1 minute.
After 1 minute, turn off the gas and serve hot.
Serve the Keerai Masli with tomato onion sambar and rice for dinner.",https://www.archanaskitchen.com/keerai-masiyal-recipe-in-hindi,"spinach,mustard,curry leaves,amaranth leaves,asafetida,salt oil,cumin seeds,white urad dal",https://www.archanaskitchen.com/images/archanaskitchen/Indian_Vegetables_Dry/Keerai_Masiyal_Recipe_Arai_Keerai_Masiyal_South_Indian_Recipe-1.jpg,8,1.0,1.0,0.0,7.0,1.0,1.0
Carrot Matar Paratha Recipe,"1 tablespoon Red Chilli powder,Water - for kneading,1 tablespoon Cumin powder (Jeera),1 tablespoon Ajwain (Carom seeds),Salt - to taste,1 Onion - medium,1/4 tablespoon Coriander Powder (Dhania),3 cups Whole Wheat Flour,3 Carrots (Gajjar) - grated,Coriander (Dhania) Leaves - a small bunch finely chopped,1/2 tablespoon Chaat Masala Powder,1 cup Green peas (Matar) - steamed,Ghee - for cooking the parathas,2 Green Chillies - chopped,1 teaspoon Salt",50,North Indian Recipes,"To begin making Carrot Matar Paratha Recipe, in a bowl mix together wheat flour.
salt and oil.
Add water, little at a time and prepare a soft dough just as we make dough for rotis.Grease your hands with oil and knead it well.
Cover it and let it rest for some time .Now to prepare stuffing, we first mash steamed peas in a large bowl.
Add the grated carrot, chopped onion, chopped green chillies and fresh chopped coriander and mix well.
Now add all dry spices in mixture - carom seeds, salt, red chilli powder, coriander powder, cumin powder, chaat masala and mix everything well.Now make even size ball out of paratha dough and roll out the ball in a small circle dusting wheat flour.Add some stuffing in the centre and gather all the corners and seal it well and press it lightly.Dust some wheat flour and roll out the sealed dough into a circle as we do for chapati dough.
Don't apply too much pressure while rolling.
Place a tawa on medium to high flame, and place the rolled out paratha on it.
Let it cook a little bit on one side,flip it over to the other side and spread some ghee over the paratha which is half cooked.
Flip it again, when the second side is half cooked ,spread some ghee.
Flip a few more times to get paratha browned and cooked well.
Take of the tawa and cook the rest of the parathas in a similar way Serve Carrot Matar Paratha along with Lauki Raita and Aam Ka Chunda Recipe for a sumptuous breakfast.",https://www.archanaskitchen.com/carrot-matar-paratha-recipe,"salt,wheat flour,coriander (dhania),cumin powder (jeera),ajwain (carom seeds),chaat masala powder,green peas (matar),water,carrot,red chilli powder,onion,ghee the parathas,coriander powder,green chillies",https://www.archanaskitchen.com/images/archanaskitchen/1-Author/pooja/Carrot_Matar_Paratha.jpg,14,1.0,1.0,0.0,11.0,1.0,1.0
Tomato Garlic Chutney Recipe,"2 Green Chillies,1 teaspoon Red Chilli powder - to taste,Salt - to taste,1 teaspoon Mustard seeds,300 grams Tomatoes - finely chopped,Sunflower Oil,6 cloves Garlic",30,Indian,"To begin making the Tomato Garlic Chutney Recipe,  get all the prep work done like chopping tomatoes and peeling garlic.
Bring all the ingredients in one place.Heat a tablespoon of oil in a heavy bottomed pan.
Add the mustard seeds and allow it to crackle.
Add the garlic and roast for a few minutes until you notice the roasted aroma coming through.Once the garlic is well roasted, add the tomatoes and saute the tomatoes on low to medium heat until the tomatoes become very soft, mushy and also most of the water is evaporated.
You will have thick tomato chutney like mixture,Once you have the above consistency of the tomatoes, add the red chili powder and salt.
 Check the taste to ensure it suits your palate.Once done, using a hand blender - pulse the garlic tomato chutney to make a semi smooth chutney.Transfer to a serving bowl and serve the Tomato Garlic Chutney as a spread over breads, along with parathas, Litti Choka and more.
",https://www.archanaskitchen.com/tomato-garlic-chutney-recipe,"tomato,salt,mustard seeds,red chilli powder,cloves garlic,green chillies,sunflower oil",https://www.archanaskitchen.com/images/archanaskitchen/0-Archanas-Kitchen-Recipes/2018/Preethi_Kitchen_Appliances_Tomato_Garlic_Chutney_recipe_video-2.jpg,7,1.0,1.0,0.0,7.0,1.0,1.0
The Paruppu Podi Recipe - South Indian Spiced Dal Chutney Powder,"Salt - to taste,1 teaspoon Cumin seeds (Jeera),10 Curry leaves,6 Dry Red Chillies,1 cup Arhar dal (Split Toor Dal),1/4 cup Chana dal (Bengal Gram Dal) - roasted,1/4 teaspoon Asafoetida (hing),1 teaspoon Whole Black Peppercorns",30,South Indian Recipes,"To begin making the Paruppu Podi recipe, heat a heavy bottomed pan on medium heat and roast all the ingredients except roasted bengal gram dal and salt, till they turn golden brown color and aroma arises.
Once it is done, turn off the heat and transfer to a paper towel to cool completely.Next blend all the ingredients for the Paruppu Podi including the roasted Bengal gram to a fine powder.
The Paruppu Podi is now ready to use.Store it in an airtight container.Serve this Paruppu Podi | Lentil Powder with hot white rice and ghee or gingelly oil and sutta appalam (roasted papad) on side.
",https://www.archanaskitchen.com/the-paruppu-podi-recipe-south-indian-spiced-lentil-chutney-powder,"salt,arhar dal (split toor dal),asafoetida (hing),black peppercorns,curry leaves,dry red chillies,cumin seeds (jeera),chana dal (bengal gram dal)",https://www.archanaskitchen.com/images/archanaskitchen/Guest_Writers/Gayathri_Ramanan/Paruppu-Podi-Spicy-South-Indian-Lentil-Powder.jpg,8,1.0,1.0,0.0,6.0,1.0,1.0
Kachi Tikya Recipe  - Chicken In Tomato Gravy With Potatoes,"4 Tomatoes - finely chopped,1 kg Chicken - minced,2 tablespoon Red Chilli powder - adjustable,4 Potatoes (Aloo),1 teaspoon Garam masala powder,1 tablespoon Cumin seeds (Jeera),1 Whole Egg,2 Onion - finely chopped,10 Green Chillies,1/2 cup Sunflower Oil,Salt - as per taste,1/4 teaspoon Mace powder,1 tablespoon Ginger Garlic Paste,3 tablespoon Coriander (Dhania) Leaves,2 tablespoon Cumin powder (Jeera)",46,North Indian Recipes,"To begin making the Kachi Tikya recipe, marinate the chicken kheema with ginger garlic paste, onions, red chilli powder, salt, cumin powder, green chillies and coriander leaves.
Mix it well and set it aside for 1-2 hours.
After 2 hours, take small portion of it and make small tikiyas out of the marinated chicken.
Now heat some oil in a shallow frying pan and fry the tikkis from both the sides.
Once it is cooked, keep it aside.
Heat the required oil in a heavy bottomed pan.
Add cumin seeds and when it crackles add slit green chillies and potatoes to it.
Let it cook for 2 minutes, then add the tomatoes, cumin powder, black pepper powder, garam masala powder and a little water.After a minute, add the tikyas and cook till all the water evaporates and oil leaves from side.
Mix well and let it cook on simmer for another 10 minutes.
Serve hot.Serve Kachi Tikya as a side dish along with Hariyali Mutton Curry and Whole Wheat Lachha Paratha for a weekend meal.
",https://www.archanaskitchen.com/kachi-tikya-recipe-chicken-in-tomato-gravy-with-potatoes,"tomato,salt,cumin powder (jeera),eggs,coriander (dhania) leaves,red chilli powder,mace powder,ginger garlic paste,onion,chicken,cumin seeds (jeera),potato (aloo),green chillies,garam masala powder,sunflower oil",https://www.archanaskitchen.com/images/archanaskitchen/1-Author/Sadafabbasi79-yahoo.com/kachi-tikya-recipe.JPG,15,1.0,1.0,0.0,8.0,1.0,1.0
Moong Dal Dubka Recipe,"1/2 teaspoon Turmeric powder (Haldi),4 cloves Garlic,2 tablespoons Coriander (Dhania) Seeds,3 Dry Red Chillies,1 teaspoon Cumin seeds (Jeera),1 cup Yellow Moong Dal (Split) - soaked for an hour,Salt - Salt to taste,1 inch Ginger,2 tablespoons Mustard oil,2 Tomatoes,1 Onion - roughly chopped,1 teaspoon Whole Black Peppercorns",25,North Indian Recipes,"To begin making Moong Dal Dubka Recipe, wash and soak the moong dal for an hour, then grind it to a coarse paste using a mixer grinder and keep aside.Make a fine paste of the ingredients mentioned in the spice paste table using a mixer and keep aside.Smoke mustard oil in a wide pan on medium heat till it is seasoned well.Add the ground spice paste into it and fry until the raw smell of the onion garlic goes away.Add the tomato puree, turmeric powder, season with salt and saute until the tomato puree is cooked well.Now, add the coarsely ground moong dal mix and enough water and let it simmer until the dal is cooked.It keeps getting thicker, so adjust the amount of water to your desired consistency and season with required salt.Switch off the flame and serve the Moong Dal Dubka Recipe along with Steamed Rice and Kalonji Gobi Aloo recipe for a hearty winter lunch.",https://www.archanaskitchen.com/moong-dal-dubka-recipe,"tomato,salt,yellow moong dal (split),ginger,mustard oil,cloves garlic,black peppercorns,dry red chillies,onion,cumin seeds (jeera),coriander (dhania) seeds,turmeric powder",https://www.archanaskitchen.com/images/archanaskitchen/1-Author/nithya.anantham/Moong_Dal_Dubka_Recipe.jpg,12,1.0,1.0,0.0,10.0,1.0,1.0
Spinach And Paneer Samosa Recipe With Figaro Pure Olive Oil,"Salt - to taste,2 tablespoons Sooji (Semolina/ Rava),1/4 teaspoon Ajwain (Carom seeds),Water - to knead,1/2 teaspoon Garam masala powder,2 Green Chillies - finely chopped,2 tablespoons Figaro Pure Olive Oil,1 cup Whole Wheat Flour,Figaro Pure Olive Oil - for deep frying,1 cup Spinach - washed and finely chopped,1 teaspoon Chaat Masala Powder,1 cup Paneer (Homemade Cottage Cheese) - crumbled",60,Indian,"Method To make the doughPrepare the dough by mixing together the flour, salt, oil and ajwain/ carom seeds to form a mixture of coarse crumbs.Add in water to the dough a little at a time to make a soft and firm dough.Once the dough comes together knead it continuously for 2-3 minutes and cover it with a moist muslin cloth.Allow the dough to rest for about 15-20 minutes.Method for the stuffing of spinach paneer samosasHeat oil in a pan; add in the chopped spinach and saute on high heat until the spinach softens.Once the spinach has softened and all the water is evaporated, turn off the heat.
Allow the spinach to cool completely.Once the spinach has cooled combined all the filling ingredients along with the sauteed spinach.Check the salt and spice levels and adjust to suit your taste.
Keep this aside.Method to Fill and Make the SamosasFill a small cup with water and keep aside; this will be used for sealing the edges of the cone.
On a floured surface, roll each portion into 3 inch diameter circle and cut each circle into half.Spread the water lightly all along the edge of the circle, fold into a cone.Place one or two tablespoons of spinach paneer filling in the center and seal the edges.Press to seal the edges of the samoas and use a fork and press on the edges of the dough to get the forked marks.Continue to make similar cone shaped samosas.Method to Deep fry the SamosaHeat pure olive oil in a heavy bottomed pan for deep frying on medium heat; gently slip in a couple of samosas into the frying pan and allow them to fry on medium heat.
Turn the samosas around in the oil once they come floating to the top.Fry them till they turn into a light golden-brown colour on all sides.
Keep the heat on medium all along.High heat can brown the crust faster but not make the crust crispier.
Continue the procedure with the remaining filled cones and drain them on absorbent paper.Once done, remove them from the oven and allow it to rest for about 5 minutes before serving Spinach and Paneer Samosas hot with green chutney or tamarind chutney.",https://www.archanaskitchen.com/spinach-and-paneer-samosa-recipe-with-figaro-pure-olive-oil,"salt,wheat flour,water knead,spinach,paneer,ajwain (carom seeds),chaat masala powder,figaro pure olive oil,sooji (semolina rava),green chillies,garam masala powder",https://www.archanaskitchen.com/images/archanaskitchen/0-Archanas-Kitchen-Recipes/2017/0-Archana/14-long-format-Spinach_and_Paneer_Samosa_Figaro_Olive_Oil-2.jpg,11,1.0,1.0,0.0,5.0,1.0,1.0
Onion Kachori Recipe,"2 cups All Purpose Flour (Maida),3 Onions - finely chopped,Water - as required,Mustard oil,2 Potatoes (Aloo) - boiled and mashed,1 teaspoon Garam masala powder,Salt - to taste,4 cloves Garlic - finely chopped,1 teaspoon Coriander Powder (Dhania),1 teaspoon Red Chilli powder,2 Green Chillies - finely chopped,1 teaspoon Fennel seeds (Saunf),2 tablespoons Ghee,1/4 teaspoon Asafoetida (hing),1/4 teaspoon Turmeric powder (Haldi),4 sprig Coriander (Dhania) Leaves - finely chopped,1 inch Ginger - finely chopped,1 teaspoon Amchur (Dry Mango Powder),1 teaspoon Salt",60,Indian,"To begin making the Pyaaz Kachori Recipe, first add flour, salt and ghee into a mixing bowl and and mix them well.
Mix till you get a mixture which holds together into a ball and when left breaks apart.
Add more ghee if required.Then, add water gradually, and knead into a soft dough.
Knead well until it comes into a smooth and soft dough.Cover it and let the dough rest for about 1 to 2 hours.
While the dough rests, we will prepare the filling for the kachori.Heat a heavy bottomed pan and add 1 tablespoon of mustard oil.
Once the oil is hot, add hing and fennel seeds to it and allow them to sizzle.Next, add finely chopped onions, ginger, garlic and green chilies and sauté until onions turn translucent.Once done add the mashed potatoes and all the spice powders including red chilli powder, turmeric powder, coriander powder, garam masala powder, amchur powder, salt to taste and mix well.Stir in the coriander leaves and turn off the heat and let the filling of kachoris cool down completely.To make the KachorisTake the rested dough and lightly knead it on a clean flat surface till it is smooth.
Divide the dough and the filling into an equal number of portions.Place a heavy bottomed pan with enough oil to deep fry the kachoris, on the heat and allow it to heat.Roll one portion of the dough into smooth ball and then flatten it into a 3-inch circle.
Place a portion of the filling in the center.
Bring all the edges to gather and seal it tightly.Flatten this stuffed ball into a 3 inch circle with your fingers,press gently to keep the filling intact.
Keep aside and repeat this step for rest of the dough until all the portions of dough and filling are used.By now the oil should be warm for deep frying the kachoris.
Deep fry small batches (not more than 2-3) of kachori on medium heat for about 3 minutes on either side, until golden, puffed up and crispy.Take them out and put it on a kitchen towel so that the extra oil is absorbed.
Serve hot.Pyaaz Kachori Recipe is a tea-time delicacy that is enjoyed with a Mint Chutney & Sweet Date Chutney and Masala Chai Recipe  for evening snacks.",https://www.archanaskitchen.com/pyaaz-kachori-recipe,"salt,ginger,amchur (dry mango powder),ghee,asafoetida (hing),fennel seeds (saunf),mustard oil,red chilli powder,water,cloves garlic,coriander (dhania) leaves,onion,potato (aloo),coriander powder,flour (maida),turmeric powder,green chillies,garam masala powder",https://www.archanaskitchen.com/images/archanaskitchen/1-Author/Jyothi_Rajesh/Pyaaz_Kachori.jpg,18,1.0,1.0,0.0,11.0,1.0,1.0
Crunchy Carrot Peanut Raita Recipe - Gajar Moongphali Raita,"2 cups Curd (Dahi / Yogurt),3 Dry Red Chillies,Salt - to taste,1/2 teaspoon Kashmiri Red Chilli Powder,1 Green Chilli - chopped,1/4 cup Raw Peanuts (Moongphali),1-1/2 cups Carrot (Gajjar) - grated",15,Indian,"To begin making Crunchy Carrot Peanut Raita Recipe, we first need to prepare the peanut and red chilli spice mix.Heat a small pan on medium heat, add the peanuts and red chillies and roast until the peanuts turn golden.In a big bowl, add in the yogurt, whisk until you attain the creamy consistency.
To this add in the grated carrots, prepared peanut and red chilli spice mixture, chilli powder and season with salt and mix well.If the Crunchy Carrot Peanut Raita is too thick, add a little water and adjust the consistency to your liking.
Refrigerate the Crunchy Carrot Peanut Raita  for an hour and garnish with chopped green chilies.
Serve the Carrot Peanut Raita as an accompaniment to Paneer Pulao With Green Peas Recipe, Aloo Palak Sabzi and Phulka for a complete weeknight dinner.
",https://www.archanaskitchen.com/carrot-raita-recipe-with-peanuts-gajar-moongphali-raita,"salt,kashmiri red chilli powder,green chilli,carrot,curd,dry red chillies,peanuts (moongphali)",https://www.archanaskitchen.com/images/archanaskitchen/0-Affiliate-Articles/Crunchy_Carrot_Peanut_Raita_Recipe_1_1600.jpg,7,1.0,1.0,0.0,6.0,1.0,1.0
Rava Ladoo Recipe | Sooji Laddu Recipe,"2 teaspoons Cardamom Powder (Elaichi),1/4 cup Cashew nuts - roughly halved,1/4 cup Raisins,1/2 cup Ghee - plus more if required,1 tablespoon Ghee,3/4 cup Sugar - finely powdered,2 cups Sooji (Semolina/ Rava) - semolina,1/4 cup Dessicated Coconut - (dry fine variery)",50,Indian,"To begin making the Rava Ladoo Recipe, we will first heat a teaspoon of ghee in a small pan on low heat; roast the cashew nuts until lightly golden and crisp.
Once roasted add in the raisins and sauté for a few seconds.
Turn off the heat and keep this aside.Preheat a pan over medium heat and roast the rava/sooji/ semolina for about 4 to 5 minutes until you get a roasted aroma.
Ensure it does not brown and burn.
Once the sooji is roasted, turn off the heat and keep aside.Into a mixer grinder, add the sugar and blend to make a fine powder.Add the roasted sooji/rava, dessicated coconut, elaichi powder to the powdered sugar and blend to make a coarse powder of the entire sooji mixture.Powdering the rava/sooji will a little will give a better texture and good bite for the rava ladoo.
Into a large mixing bowl, add the sugar, rava, coconut mixture, roasted cashew nuts and raisins.
Give the mixture a stir.Add the melted ghee and combine it well together.
Shape the rava ladoo mixture into 20 equal size balls.
The entire mixture should be warm, if the rava mixture has cooled down, then it will not be able to hold firm into a ball.
If you are unable to hold the mixture and shape it into a ball; add in a tablespoon of milk or ghee or both to help it come together.You have to ensure the you compress the rava ladoo mixture effectively with your fingers to bring it together.
 As you keep compressing the rava ladoo, it will get more and more firm and you will be able to shape it into a ball.
Once you have shaped all the Rava Ladoos, they are ready to be served.
Store them in an airtight container for about 2 weeks.Serve the Rava Ladoo as a dessert after your everyday meal of Punjabi Dal Tadka, Arbi Shimla Mirch Sabzi and Phulka with your family.",https://www.archanaskitchen.com/microwave-carrot-rava-laddoo-recipe,"cashew nuts,ghee,raisins,ghee plus,sugar,coconut (dry variery),cardamom powder (elaichi),sooji (semolina rava) semolina",https://www.archanaskitchen.com/images/archanaskitchen/0-Archanas-Kitchen-Recipes/2020/Rava_Ladoo_Recipe_Sooji_Laddu_Video_2_1600.jpg,8,1.0,1.0,0.0,5.0,1.0,1.0
Kela Matar ki Sabzi Recipe - Raw Banana Green Peas Stir Fry,"1 teaspoon Amchur (Dry Mango Powder),1/2 teaspoon Turmeric powder (Haldi),1 teaspoon Cumin powder (Jeera),2 sprig Coriander (Dhania) Leaves - chopped,1 teaspoon Garam masala powder,Salt - to taste,2 Green Chilli - slit,1 teaspoon Coriander Powder (Dhania),2 teaspoons Lemon,2 Raw Banana,1/2 cup Green peas (Matar) - boiled,1 tablespoon Sunflower Oil,1/2 teaspoon Cumin seeds (Jeera)",35,North Indian Recipes,"To begin making Kela Matar ki Sabzi first cut the raw bananas into half and pressure cook the bananas with 1/4 cup of water for 2 to 3 whistles.
Turn off the heat and allow the pressure to release naturally.
Once the pressure has released, peel the skin from the raw banana and slice them into roundels.
Heat oil in a kadai over medium heat.
Once the oil is hot, add cumin seeds, when they begin to sizzle, add green chilies.Add salt, coriander powder, cumin powder, amchur powder, garam masala powder and turmeric powder and mix well.
Next add the boiled peas and cooked raw banana slices  and mix well.Sprinkle some water, cover and cook the Kela Matar ki Sabzi until all the masalas get well coated - for about 4 to 5 minutes.Check the salt and spices and adjust to taste accordingly.
Finally add the juice from the lemon and stir in the chopped coriander leaves and serve.Serve this nutritious and tasty and simple to prepare Kela Matar ki Sabzi with Dal Tadka Recipe Flavored with Lemon and Coriander, Phulka Recipe (Roti/Chapati), Cauliflower & Cucumber Raita and Steamed Rice.A diabetic friendly dish, serve this Kela Matar ki Sabzi along with Ragi Tawa Paratha, Lahsuni Palak Dal Recipe (Spinach & Lentil Curry with Garlic) and Beetroot Raita Recipe (Cold Beet & Yogurt Soup/Salad) for a Diabetic Friendly Meal.",https://www.archanaskitchen.com/kela-matar-ki-sabzi-recipe-raw-banana-green-peas-stir-fry,"salt,cumin powder (jeera),green chilli,amchur (dry mango powder),green peas (matar),coriander (dhania) leaves,cumin seeds (jeera),lemon,coriander powder,turmeric powder,banana,garam masala powder,sunflower oil",https://www.archanaskitchen.com/images/archanaskitchen/0-Affiliate-Articles/Kela_Matar_Sabzi_No_Onion_No_Garlic_Vegetable-1_1600.jpg,13,0.985,1.0,0.0,12.0,0.85,1.0
 Soya Chunks Sabzi (Recipe In Hindi)," 1 teaspoon lemon juice - as per taste, 1 tablespoon red chili powder, 1 onion - chopped,1 cup soy chunks, 3 tablespoons green coriander - chopped, 4 cups water - lukewarm, 1 tablespoon garlic - chopped, 1/2 tablespoon chaat masala powder, salt - as per taste, 1 tablespoon ginger - thinly sliced, 1 tomato - finely chopped, 1 / 2 tablespoons garam masala powder",30,Indian,"To make Soya Chunks vegetable, first of all, put Soya Chunks in hot water for 15 minutes.
Cut the sari vegetables in this middle.
Heat oil in a pan and add chopped onions.
Cook onion until it becomes soft.
Now add garlic, ginger and cook for 10 to 15 seconds.
After 10 to 15 seconds add green chilies and tomatoes.
After the tomatoes are soft, add red chili powder, garam masala powder and chaat masala powder.
Let it cook for 1 minute.
Drain water from soya chunks.
Press them and squeeze out the water that is in the chunks.
Put soya chunks in the pan and mix well.
Add salt and lemon juice, mix and turn off the gas.
Garnish with green coriander.
Serve the Soya Chunks vegetable along with Garlic Dal and Phulka for dinner.",https://www.archanaskitchen.com/soya-chunks-sabzi-recipe-in-hindi,"tomato,soy,salt,ginger,coriander (dhania) leaves,chaat masala powder,red chilli powder,water,garlic,onion,lemon,garam masala powder",https://www.archanaskitchen.com/images/archanaskitchen/1-Author/Pooja_Thakur/Soya_Chunks.jpg,12,0.985,1.0,0.0,10.0,0.85,1.0
Kothavarangai Poriyal Recipe - South Indian Style Cluster Beans Sabzi,"1 Dry Red Chilli,1 Green Chilli,2 teaspoons Sunflower Oil,4 tablespoons Fresh coconut - grated,Salt - to taste,1 teaspoon Mustard seeds,1 Onion - finely chopped,500 grams Gawar Phali (Kothavarangai / Cluster beans) - finely chopped,Asafoetida (hing) - a pinch,1 sprig Curry leaves",25,South Indian Recipes,"To begin making the Kothavarangai Poriyal Recipe, wash and finely chop the cluster beans by discrading the ends and keep aside.Grind the grated coconut along with green chilli to a course mix using a mixer grinder and keep aside.Heat oil in a heavy bottomed pan on medium flame, add the mustard seeds and let it crackle.Add the asafoetida, dry red chilli, curry leaves and let it splutter.Once it splutters, add the finely chopped onion and saute until it turns translucent.Add the chopped cluster beans, season with salt and saute for a minute.Add half a cup of water and let the cluster beans cook with the lid on.
This will take around 10 minutes.Once the cluster beans are cooked well, dry out the beans by increasing the heat.Add the coconut and green chilli mixture, stir well and switch off the flame.Serve the Kothavarangai Poriyal Recipe along with Steamed Rice, Mixed Vegetable Sambar, Jeera Milagu Rasam and Elai Vadam for the weekend elaborate lunch for the family.",https://www.archanaskitchen.com/kothavarangai-poriyal-recipe-south-indian-style-cluster-beans-stir-fry,"salt,green chilli,mustard seeds,asafoetida (hing),coconut,dry red chilli,curry leaves,gawar phali (kothavarangai cluster beans),onion,sunflower oil",https://www.archanaskitchen.com/images/archanaskitchen/1-Author/nithya.anantham/Kothavarangai_Poriyal_Recipe_South_Indian_Style_Cluster_Beans_Stir_Fry.jpg,10,0.985,1.0,0.0,8.0,0.85,1.0
Moolangi Tovve Recipe - Moolangi Tavve Recipe," 1 tsp turmeric powder, 1/2 cup yellow moong dal, 2 green chillies - finely chopped, 1 tbsp ghee, asafetida - a pinch, 1 tsp ginger - grated, 1 teaspoon mustard, 2 dry red chillies, 2 tbsp coconut - grated, 1 lemon - cut, coriander leaves - a little,3 radishes - peeled and chopped",40,South Indian Recipes,"To make the Mulangi Tauvee recipe, first wash the moong dal thoroughly.
Now pour it in a pressure cooker along with radish, turmeric powder, green chilli and 1-1 / 5 cup water.
Turn on the gas, and cook for 3 cities.
Let the pressure drain automatically.
After the pressure comes out, open the cooker and take out the lentils.
Heat oil in a pan.
After the oil is hot, add mustard seeds, dry red chilies and fry it.
Now add the dal mixture, ginger, salt and 1-1 / 2 cups of water and mix it.
Let it boil until thick.
Once done, add green coriander, coconut and mix well.
Serve the Moolangi Tauvewe recipe with Masala Bhindi, Phulka and Kachumbar Salad.",https://www.archanaskitchen.com/moolangi-tovve-raddish-curry-recipe-in-hindi,"turmeric powder,ginger,coriander leaves,radishes,coconut,ghee,mustard,dry red chillies,lemon,asafetida,green chillies,yellow moong dal",https://www.archanaskitchen.com/images/archanaskitchen/1-Author/Madhuri_Aggarwal/Moolangi_Tovve__Raddish_Curry_1600.jpg,12,0.985,1.0,0.0,10.0,0.85,1.0
Paasi Paruppu Beans Poriyal Recipe - Moong Dal & French Beans Stir Fry,"2-1/2 tablespoons Fresh coconut - grated,1 Green Chilli - finely chopped,2 teaspoons Sunflower Oil,Salt - to taste,1 teaspoon Mustard seeds,500 grams Green beans (French Beans) - chopped finely,1/2 cup Yellow Moong Dal (Split) - soaked in water for 20 minutes,2 Dry Red Chillies,1 pinch Asafoetida (hing) - a pinch,1 sprig Curry leaves",35,South Indian Recipes,"To begin making Paasi Paruppu Beans Poriyal Recipe, we will start with washing and soaking the split moong dal for 15 minutes.Also, clean the french beans, finely chop and keep aside.Heat oil in a heavy bottomed pan on medium flame, add mustard seeds, dry red chilli and let it crackle.Add the asafoetida, green chillies, curry leaves and let it splutter.Now, drain the soaked split moong dal from water and add it to the pan.Mix well and let it cook with the lid closed for 5 minutes, until the moong dal is cooked well yet holding its shape.Now, add the beans, season with salt and stir well.Cook the poriyal with the lid closed until the beans are cooked till crunchy.
This will take around 10 minutes.Add the grated coconut, mix well and switch off the flame.Serve the Paasi Paruppu Beans Poriyal Recipe (Moong Dal & French Beans Stir Fry) along with Steamed Rice, Mixed Vegetable Sambar, Garlic Rasam, Kelyachi Bhaji and Curd to make it a South Indian weekend brunch at home.
",https://www.archanaskitchen.com/paasi-parupu-beans-poriyal-recipe-moong-dal-french-beans-stir-fry,"salt,green beans (french beans),yellow moong dal (split),green chilli,mustard seeds,coconut,asafoetida (hing),curry leaves,dry red chillies,sunflower oil",https://www.archanaskitchen.com/images/archanaskitchen/1-Author/nithya.anantham/Paasi_Paruppu_Beans_Poriyal_Recipe_Moong_Dal_and_French_Beans_Stir_Fry.jpg,10,0.985,1.0,0.0,11.0,0.85,1.0
Jeera Milagu Rasam Recipe  - South Indian Pepper Cumin Rasam,"1/2 teaspoon Mustard seeds,1 teaspoon Cumin powder (Jeera),1/4 teaspoon Turmeric powder (Haldi) - optional,Salt - to taste,1 teaspoon Whole Black Peppercorns - coarsely pounded,30 grams Tamarind - soaked in hot water,1/2 teaspoon Black pepper powder,1 teaspoon Ghee,1 sprig Curry leaves,1/2 teaspoon Cumin seeds (Jeera)",30,South Indian Recipes,"To begin making the Jeera Milagu Rasam - Pepper Rasam Recipe, first extract the pulp from the tamarind and combine it with 3 to 3-1/2 cups of water to give diluted tamarind water.Heat ghee in a saucepan over medium heat; add the mustard seeds, cumin seeds and allow it to crackle.
Add the curry leaves, pounded black peppercorns, cumin powder, black pepper powder, turmeric powder, tamarind water and salt.Stir the mixture and give it a brisk boil for 3 to 4 minutes until the raw taste from the tamarind water goes away.You can add more water, pepper and cumin if you find the water too tangy.Once done, turn off the heat and serve Jeera Milagu Rasam hot.
Serve the Jeera Milagu Rasam along with Cabbage Poriyal (Muttaikose) and Steamed Rice for a quick weeknight dinner.",https://www.archanaskitchen.com/jeera-milagu-rasam-recipe-south-indian-pepper-cumin-rasam,"salt,cumin powder (jeera),ghee,mustard seeds,black peppercorns,curry leaves,cumin seeds (jeera),black pepper powder,tamarind,turmeric powder",https://www.archanaskitchen.com/images/archanaskitchen/1-Author/admin/Jeera_Milagu_Rasam_Recipe___South_Indian_Pepper_Cumin_Rasam.jpg,10,0.985,1.0,0.0,12.0,0.85,1.0
Saffron Peda Recipe,"1/2 teaspoon Ghee - optional,1 tablespoon Pistachios - sliced,4 tablespoons Sugar,300 grams Khoya (Mawa) - store bought or home made,1/4 teaspoon Cardamom Powder (Elaichi),2 tablespoons Milk,1 teaspoon Saffron strands",45,Indian,"To begin making the Kesar Peda Recipe, gently warm the milk without boiling it and soak the saffron in it.
Keep this aside for 10 minutes.In a pan or kadai, add crumbled khoya and sugar.
Cook this on a low heat for 4-5 minutes stirring continuously until the sugar is completely dissolved.
The khoya will first melt and then thicken again.
Stir continuously till the khoya thickens and be careful not to burn the khoya.
 Once the khoya has thickened, add saffron milk and powdered cardamom to it.
Cook for a few more minutes till the khoya thickens up considerably and resembles a sticky dough like consistency and stars leaving the sides of the pan.At this stage, turn off the heat and allow the peda mixture to cool.Once the mixture is cool enough to touch, knead it lightly to get rid of any lumps so you have a smooth mixture.
You can add a little ghee at this stage to give it a good shine.Roll the kesar peda mixture into a log and cut 12 equal pieces.Roll each of peda portions into small balls, make a small dent in the center and add the pista slices.
Or you could use a peda mould if you have one, like shown in the image.
Once shaped the Kesar Peda is ready to be served.Serve the Kesar Peda as a dessert along with a festive meal of Tandoori Gobi Tikka Recipe, Hariyali Paneer Tikka Masala Gravy Recipe and Modur Pulao With Pomegranate Recipe.",https://www.archanaskitchen.com/kesar-peda-recipe-diwali-festival-special-sweet,"pistachios,ghee,saffron strands,milk,sugar,cardamom powder (elaichi),khoya (mawa) store bought",https://www.archanaskitchen.com/images/archanaskitchen/0-Archanas-Kitchen-Recipes/2019/Kesar_Peda_Recipe_14_1600.jpg,7,0.985,1.0,0.0,7.0,0.85,1.0
Green Chutney Recipe - Coriander Mint Chutney Recipe,"1 teaspoons Sugar,1 inch Ginger - chopped,Salt - to taste,1 cup Mint Leaves (Pudina) -  chopped,1 Lemon juice - juiced,1 cup Coriander (Dhania) Leaves -  chopped,1/4 cup Curry leaves,1/4 cup Roasted Peanuts (Moongphali) - or almonds,2 Green Chillies - roughly chopped,1/4 cup Water",30,North Indian Recipes,"To begin making the Green Coriander and Mint Chutney Recipe, combine the coriander leaves, mint leaves, curry leaves, peanuts , ginger, green chillies, sugar, lemon juice, salt to taste and grind to a smooth paste in a blender.
Add very little water to blend the chutney well.
The addition of lemon juice enhances the flavours of mint and coriander and prevents discoloration of the greens.Transfer the Dhania Pudina Chutney- Green Coriander and Mint Chutney to a bowl and serve.
You can refrigerate the Green Coriander and Mint Chutney for a couple of days.
Serve Dhaniya Pudina Chutney Recipe with Samosa Recipe or make Green Chutney Aloo Chaat Recipe and enjoy with a cup of Masala Chai Recipe.",https://www.archanaskitchen.com/green-chutney-recipe-coriander-mint-chutney-recipe,"salt,ginger,coriander (dhania) leaves,water,curry leaves,sugar,peanuts (moongphali) almonds,mint leaves (pudina),green chillies,lemon juiced",https://www.archanaskitchen.com/images/archanaskitchen/0-Archanas-Kitchen-Recipes/Articles/Green_Chutney_Video_Recipe_Dhania_Pudina_Chutney_6_1600.jpg,10,0.985,1.0,0.0,5.0,0.85,1.0
Prawns Coconut Curry Recipe,"1 teaspoon Turmeric powder (Haldi),1 teaspoon Tamarind Paste,1 tablespoon Coriander Powder (Dhania),Salt - to taste,1 Onion - medium,1 teaspoon Red Chilli powder,3-4 Green Chilli,1/2 inch Ginger,1 teaspoon Mustard seeds,2 teaspoon Fennel seeds (Saunf),1/2 cup Coriander (Dhania) Leaves,500 grams Prawns - tiger prawns,7 cloves Garlic,2 Tomatoes,1 tablespoon Coconut Oil,1/2 cup Coconut milk - first extract,1/2 cup Coconut milk - second & third extract,1 sprig Curry leaves,1 teaspoon Black pepper powder",45,South Indian Recipes,"To prepare Prawns Coconut Curry Recipe, begin by making a paste of fennel, pepper, ginger and garlic by adding a little water.Heat a Kadai or meen chatty with oil.
Once hot, splutter mustard seeds.Add the above paste and saute till the raw smell leaves.Add curry leaves, green chilli and chopped onions.
Saute till onions turn translucent.Add in chopped tomatoes and cook till tomatoes turn mushy.Add in tamarind paste.
Add coriander powder and chilli powder and mix for a minute.Add second and third milk extract of coconut.
Add salt and bring it to a boil.Add cleaned and deveined prawns.
Cook for 4-5 minutes.Now add first milk extract of coconut and mix well.
Do not boil.
Once it is heated enough take it off flame and garnish prawns coconut curry recipe with chopped coriander leaves.Serve Prawns Coconut Curry with hot steamed rice.
",https://www.archanaskitchen.com/prawns-coconut-curry-recipe,"tomato,prawns tiger prawns,salt,ginger,green chilli,coriander (dhania) leaves,fennel seeds (saunf),mustard seeds,red chilli powder,cloves garlic,coconut milk first,curry leaves,onion,coconut oil,tamarind paste,black pepper powder,coriander powder,coconut milk second third,turmeric powder",https://www.archanaskitchen.com/images/archanaskitchen/1-Author/Yeleena_Thomas/Prawns_Coconut_Curry_Recipe_edit1.jpg,19,0.985,1.0,0.0,12.0,0.85,1.0
 Raw Mango Carrot Cucumber Salad Recipe With Peanuts," 2 tbsp mint-finely chopped, 1/2 cup carrots - finely chopped, 1/2 tsp black pepper powder, 1/2 tsp cumin seeds Powder, 1/2 tsp chaat masala powder, 1/2 cup tomato - finely chopped out of seeds, salt - as per taste, 1/2 cup cucumber - finely chopped,1/2 cup raw mango - finely chopped, 1/2 cup peanuts - compress Take 2 tbsp coriander leaves - finely chopped",15,Indian,"To make raw mango cucumber carrot salad recipe, first prepare all the ingredients and keep them separately.
Now in a mixing bowl add raw mango, carrot, cucumber, peanuts, coriander leaves, mint and mix well.
After adding salt, pepper powder, cumin powder and mix well in this bowl.
Remove and serve in a bowl.
Serve raw mango cucumber carrot salad recipe with Punjabi Dal Tadka, Gujarati Tindora nu Shak and Phulke for dinner.",https://www.archanaskitchen.com/raw-mango-carrot-cucumber-salad-recipe-with-peanuts-in-hindi,"salt,cumin seeds powder,mint,peanuts compress take coriander leaves,chaat masala powder,carrot,tomatoout seeds,mango,black pepper powder,cucumber",https://www.archanaskitchen.com/images/archanaskitchen/1-Author/sneha-archanaskitchen.com/Raw__Mango_Carrot_Cucumber_Tomato_Peanut_Indian_Salad_Recipe__1600.jpg,10,0.98,1.0,0.0,4.0,1.0,0.8
Beetroot Poriyal (Recipe In Hindi),"2 beetroot - cut into small pieces, 1 tablespoon coconut - Tighten, 2 green chillies - finely chopped, 1 teaspoon white urad dal, 1/2 teaspoon mustard, 1/4 teaspoon asafoetida, Salt - As per taste, 1/2 teaspoon cumin seeds, 1/2 cup small onion - finely chopped, 4 curry leaves - break, Oil - As per use, 1/4 teaspoon turmeric powder ",40,South Indian Recipes,"To make the beetroot poriel, first steam the beetroot.
In a pressure cooker, add beetroot, salt and 2 tablespoons of water.
Cover the cooker and cook till it comes to 2 cities.
After coming to the city, keep the cooker under water and remove the pressure.
Keep it aside.
Now heat the takal in a pan, add mustard seeds, cumin seeds, urad dal and curry leaves.
Cook until lentils turn golden.
Now add onions, green chilies and cook it.
After 3 to 4 minutes add asafoetida, turmeric powder, beetroot, salt and cook for 2 minutes.
After cooking, turn off the gas and garnish with coconut.
Serve the beetroot poriyal with kirai sambar and rice for dinner.",https://www.archanaskitchen.com/beetroot-poriyal-recipe-stir-fried-beetroot-in-hindi,"turmeric powder,salt per,coconut,curry leaves break,asafoetida,mustard,onion,oil,beetroot,green chillies,cumin seeds,white urad dal",https://www.archanaskitchen.com/images/archanaskitchen/Indian_Vegetables_Dry/South-Indian-Beetroot-Poriyal-Vegetable-with-Coconut-4952-2.jpg,12,0.98,1.0,0.0,4.0,1.0,0.8
Whole Wheat Spinach And Tofu Paratha Recipe,"3-1/2 cups Whole Wheat Flour,Sunflower Oil - to smear,1/2 Lemon - juiced,3 tablespoons Dill leaves - finely chopped,1-1/2 cups Spinach Leaves (Palak) - pureed,1 teaspoon Green Chilli Paste,3 tablespoon Sesame seeds (Til seeds),Salt - to taste,1/2 teaspoon Garam masala powder,1 teaspoon Ajwain (Carom seeds),200 grams Tofu - grated,1 teaspoon Cumin powder (Jeera) - (roast & ground),1/2 cup Curd (Dahi / Yogurt),1/2 teaspoon Red Chilli powder,1 teaspoon Kasuri Methi (Dried Fenugreek Leaves)",50,North Indian Recipes,"To begin making the Whole Wheat Spinach And Tofu Paratha Recipe, first combine the flour with the oil/ghee and all the other ingredients mentioned, in a big mixing bowl.Start kneading the dough, by adding a little water (if required) and working the dough until it comes together into a soft, pliable dough.
Cover the dough with a damp cloth and keep it aside for 15 mins.After 15 mins, divide the dough into 14 to 15 equal sized balls, depending on the size of the paratha you prefer to make.Take one ball, dust it with flour and roll it out into a disc of preferred thickness and size that you like the parathas to be.Place the rolled out paratha onto hot griddle and allow it to cook until light brown spots appear on the underside and bubbles appear on top.Brush with oil/ghee and flip and cook the other side as well.Now brush the other side with oil/ghee and flip again, to ensure that both sides are uniformly browned.Repeat with remaining portions of dough and serve hot along with a bowl of yogurt and pickle for breakfast, or pack it into your lunch box or even serve it for a weeknight dinner.
",https://www.archanaskitchen.com/whole-wheat-spinach-and-tofu-paratha-recipe,"salt,wheat flour,dill leaves,garam masala powder,spinach leaves (palak),ajwain (carom seeds),red chilli powder,cumin powder (jeera) (roast ground),curd,lemon,sesame seeds (til seeds),tofu,kasuri methi (dried fenugreek leaves),green chilli paste,sunflower oil",https://www.archanaskitchen.com/images/archanaskitchen/1-Author/Farrukh_Aziz_Ansari/Whole_Wheat_Spinach_and_Tofu_Paratha_Recipe-1.jpg,15,0.97,1.0,0.0,6.0,0.7,1.0
Cauliflower Coconut Milk Stew (Recipe In Hindi)," oil - as per use, 2 cloves garlic - grated, 1 bay leaf, 2 cardamom - grind, 3 sprigs of coriander - finely chopped, 1 cup tomato puree,1 cabbage - chopped, salt - as per taste, 1/2 teaspoon whole black pepper - grind, 1/2 teaspoon turmeric Powder, 1/2 cup coconut milk, 1/2 teaspoon red chilli powder",50,South Indian Recipes,"To make cabbage stew, prepare sari ingredients first.
Also make puree of tomato and keep it.
Now put the cabbage in a steamer with a little salt and steam it for 3 to 4 minutes.
After that, keep it aside.
Now heat oil in a pan.
Add garlic, bay leaves and cook for 10 seconds.
Now add tomato puree, turmeric powder, black pepper, cardamom powder and red chili powder.
Mix and let it boil.
After boiling, add cauliflower, coconut milk and salt.
Mix and cook for 10 minutes.
After cooking, turn off the gas and garnish with green coriander.
Serve the cabbage stew with rice and beetroot pudding for dinner.",https://www.archanaskitchen.com/cauliflower-coconut-milk-stew-recipe-in-hindi,"turmeric powder,tomato,salt,red chilli powder,cloves garlic,black pepper grind,bay leaf,coriander,oil,coconut milk,cardamom grind,cabbage",https://www.archanaskitchen.com/images/archanaskitchen/Indian_Vegetables_Gravy/Cauliflower_Curry_Stew_With_Coconut_Milk_Recipe_Archanas_Kitchen_Vegetarian_Food-1.jpg,12,0.97,1.0,0.0,11.0,0.7,1.0
Baked Potato & Peas Samosa With Phyllo Pastry Recipe,"Salt - to taste,1/2 teaspoon Garam masala powder,1/4 teaspoon Kashmiri Red Chilli Powder,1 Onion - finely chopped,1/4 teaspoon Coriander Powder (Dhania),1/4 teaspoon Amchur (Dry Mango Powder),1/2 cup Green peas (Matar) - steamed,Butter - or ghee for brushing,Sunflower Oil - as needed,2 Potatoes (Aloo) - boiled,8 Phyllo Sheets - thawed,1/4 teaspoon Cinnamon Powder (Dalchini)",60,Indian,"To begin making the Baked Peas Samosa with Phyllo Dough Recipe, firstly we will boil the potatoes.
Add potatoes in the pressure cooker with water and cook for about 2 whistles.
Meanwhile, steam the green peas and keep it aside.Once the potatoes are boiled, peel the skin and chopped them finely.
Keep it aside.The next step is to make the filling for the Samosas.
Heat a teaspoon of oil in a heavy bottomed pan.
Add the chopped onion and saute it until soft and tender.
Once the onions are ranslucent, add the boiled and chopped potatoes, steamed peas, coriander powder, cinnamon powder, garam masala, dry mango powder, kashmiri red chilli powder and cook it for about 2 to 3 minutes.This process will coat the potatoes and the peas with the samosa masala.
Check the salt and spice levels and adjust it to suit your taste.
Once done, turn off the heat and allow the samosa filling mixture to cool a bit.Preheat the oven to 190 C.
Grease a baking sheet with ghee or butter and set it aside.The next step is to shape the phyllo dough into a samosa along with its filling.Spread out one phyllo pastry sheet on a clean, dry work surface.
Brush it with some butter or ghee.
Keep the remaining phyllo sheets covered with a damp towel, else they will dry out.
Fold the sheet half lengthwise and fold an end to make a small triangle.
The folded sheet will approximately be 2 inches wide.
Take care to handle the phyllo sheet gently, as they can tear apart quickly.Spoon a small portion of the filling towards one end of the phyllo sheet leaving an edge space.
Take the right corner and fold diagonally to the left, enclosing the filling and forming a triangle.
Now take the left corner, along with the filling and fold diagonally to the right.Keep folding in this way until you reach the end of the strip.
Brush the outer surface with more butter or ghee.
Place the potato and pea filled Phyllo Pastry Samosa onto a baking sheet and cover with a damp cloth.Proceed the same way until you fill the remaining pastry sheets with the potato pea filling.
Arrange the Phyllo Pastry Samosas on the baking sheet and bake them in the oven for about 10 to 15 minutes, until you notice the crust is golden brown in colour.Once completely baked with a golden crust, remove the samosas from the oven, allow them to cool down just slightly.Serve the Phyllo Pastry Potato & Pea Samosas along with served with Green Chutney or a Yogurt Dip as a tea time snack or even as an appetizer for parties.Note: You can also shape the Samosas into a square.
The shape all depends on how well you can handle the phyllo pastry and shape them.
With practice you will get a fair idea and develop the skill.
Be prepared for some of the phyllo sheets to tear while you shape them.
",https://www.archanaskitchen.com/baked-potato-peas-samosa-with-phyllo-pastry-recipe,"salt,butter ghee brushing,kashmiri red chilli powder,sunflower oil,amchur (dry mango powder),pllo sheets thawed,green peas (matar),onion,coriander powder,potato (aloo),garam masala powder,cinnamon powder (dalchini)",https://www.archanaskitchen.com/images/archanaskitchen/1-Author/Divya_Shivaraman_/Baked_Potato_Peas_Samosa_with_Phyllo_Pastry_Recipe.jpg,12,0.97,1.0,0.0,11.0,0.7,1.0
Mixed Millet Phulka Recipe - Ragi Jowar Bajra Wheat Phulka,"Ghee - for serving,1/4 cup Bajra Flour ( Pearl Millet),1/4 cup Ragi Flour (Finger Millet/ Nagli),1/2 cup Whole Wheat Flour,1/2 teaspoon Salt - optional,1 teaspoon Sunflower Oil,1/4 cup Jowar Flour (Sorghum)",30,North Indian Recipes,"To begin making the Mixed Millet Phulka Recipe first bring all the ingredients together and we will make the dough.In a large bowl combine the ragi, jowar, bajra, wheat flour and salt; add a little water at a time to make firm dough.
Add a teaspoon of oil to coat the dough and knead for a few more minutes until smooth.Set the millet phulka dough aside to rest covered for 15 minutes.
Knead once again and divide the dough into 8 portions.Preheat the iron skillet on medium high heat.
Roll the portions of phulka (roti) dough into balls; flatten these balls with the palm of your hand.Take a portion of the Millet phulka dough, toss it on the flour and roll out into thin circles to approximately 6 inches in diameter.
As you roll them out, you can keep tossing the dough in dry flour while rolling; this will prevent it from getting sticky when rolling them out.Cook the millet phulka as indicated in the steps below.
Continue the process of rolling with the remaining portions of the dough.*Cooking Millet Phulka (Roti) on Gas StovePlace rolled dough on the hot skillet.
In a few seconds you will notice that small air pockets start to form.
At this point flip the rolled dough to the other side on the skillet.After a few seconds turn the flame to high; using tongs take the rolled Millet phulka off the skillet and place it directly on the flame.
It should balloon into a spherical shape and puff up.Remove the Millet phulka from heat, place it on a flat plate and optionally spread little ghee on the side facing up.Continue the same process for the remaining portions of the rolled Millet phulka dough and keep stacking them one over the other.*Cooking Millet Phulka (Roti) on Electric StoveThis process can be used if you are using a gas stove as well.Preheat an iron skillet.
Place rolled Millet phulka dough on the hot skillet.
In a few seconds you will notice that small air pockets start to form.
At this point flip the rolled Millet phulka dough to the other side on the skillet.Flip over again and cook the first side pressing lightly with a napkin.
The rolled out phulka dough should begin to start puffing out.Flip and cook the other side for a few more seconds.Remove from the heat, place the Millet phulka on a flat plate and optionally spread little ghee on the side facing up.
Continue the same process for the remaining portions of the rolled dough and keep stacking them the phulka one over the other.Serve the Mixed Millet Phulka Recipe with Spinach Paneer Kofta Curry and Dangar Pachadi With Grated Carrots to create complete healthy meal.TipMaking the rolled out phulka dough puff into a balloon comes with practice.
So give yourself time if you are new to bread making.Even if yours does not puff the first time or the times after, the rotis that you have made are cooked and are edible, so you could consume them with your choice of vegetables.Using thinner rolling pins is the key, as you want to be gentle with the dough.The heavy big ones will make you press harder which might just make it tear.
It’s well worth investing in a thinner rolling pin and tongs to hold the bread which is available in most Indian stores around the world.Tossing the phulka dough in flour as you roll is another helper that will make the rolling out the dough easier.",https://www.archanaskitchen.com/mixed-millet-phulka-recipe-ragi-jowar-bajra-wheat-phulka,"salt,wheat flour,jowar flour (sorghum),ghee,ragi flour (finger millet nagli),bajra flour ( pearl millet),sunflower oil",https://www.archanaskitchen.com/images/archanaskitchen/0-Archanas-Kitchen-Recipes/2018/Mixed_Millet_Roti_recipe_Millet_Phulka-5.jpg,7,0.97,1.0,0.0,9.0,0.7,1.0
 Chammanthi Chutney Recipe," 1 onion - finely chopped, 2 tablespoons oil,1 cup coconut - grated, 1 teaspoon mustard, 1/2 teaspoon asafoetida, 1 sprig curry leaves, 2 dry red chillies, salt - According to taste, 1 inch ginger - grated",40,Indian,"To make the chmanthi chutney recipe, firstly add ginger, dry red chilli and coconut in a mixer jar.
Grind it well.
Add some water and make a paste.
Chop the onion and keep it aside.
Heat oil in a pan.
Add mustard seeds and cook for 10 seconds.
Now add onions and cook till they become golden and soft.
After the onion becomes soft, add curry leaves, ginger chilli paste and mix it well.
Add some water, salt and let it boil.
After boiling, turn off the gas and serve.
Serve the chamanthi chutney recipe with ghee roast dosa and mixed vegetable sambar for dinner.",https://www.archanaskitchen.com/chammanthi-chutney-recipe-in-hindi,"salt,ginger,coconut,asafoetida,mustard,curry leaves,dry red chillies,onion,oil",https://www.archanaskitchen.com/images/archanaskitchen/1-Author/Yeleena_Thomas/IDLI_CHAMANTHY.jpg,9,0.965,1.0,0.0,4.0,0.85,0.8
Shikampuri Kebab Recipe - Kebabs made with Brown Chickpeas,"2 Potato (Aloo) - boiled and mashed,1 tablespoon Garam masala powder,Sunflower Oil - as required,1/4 cup Gram flour (besan),Salt - to taste,1/2 teaspoon Coriander Powder (Dhania),1 inch Ginger - grated,1/2 teaspoon Black pepper powder,1 Lemon juice,1 teaspoon Red Chilli powder - (or to taste),4 sprig Coriander (Dhania) Leaves - finely chopped,3 cloves Garlic - finely chopped,1 cup Kala Chana (Brown Chickpeas),200 grams Hung Curd (Greek Yogurt),1 teaspoon Amchur (Dry Mango Powder),3 Green Chillies - finely chopped",55,North Indian Recipes,"To begin making the Shikampuri Kebab Recipe, we will first soak the kala chana in water for about 6 to 8 hours.
Once soaked, cook the channa in a pressure cooker until soft.
You will know it is cooked well, when you press it between your fingers it will mash easily.
Click to see the video recipe of how to cook chana in a pressure cooker.
Once the channa is cooked and you have all the other ingredients ready, we will now process the ingredients in a food processor.
 Into the food processor, add the cooked kala chana, the green chillies, garlic, ginger, mint & coriander leaves.
Pulse to make an almost smooth mixture.Add the ground channa into a large mixing bowl, add in the mashed potatoes, the red chilli powder, gram flour, coriander powder, amchur, garam masala and red chilli powder.
Stir well to combine.
Check the salt and spice levels and adjust to suit your taste.Our next step is to stuff the kebab mixture with a spoon of yogurt.
Do do this, divide the Shikampuri Kebab mixture into equal size large lemon portions.
Take each portion, Take each portion, and flatten it in the palm of your hand.
Spoon a teaspoon of yogurt in the center and bring the edges of the kebab mixture towards the center and seal the filling in.
Once you have sealed the kebabs with the filling inside, flatten the Shikampuri Kebabs just a little.Proceed the same way with the remaining kebabs.Our next step is to cook the Shikampuri Kebab on a pan.
Grease and heat a pan on medium heat.
Place the kebabs on the pan, drizzle oil and cook on medium heat flipping multiple times until the kebab is browned well from all the sides.Serve the Shikampuri Kebabs along the Green Chutney as a tea time snack or even as an appetizer for parties.",https://www.archanaskitchen.com/shikhampuri-kebab-recipe-kebabs-made-with-brown-chickpeas,"salt,ginger,garam masala powder,hung curd (greek yogurt),amchur (dry mango powder),potato (aloo),red chilli powder,cloves garlic,gram flour (besan),coriander (dhania) leaves,lemon,black pepper powder,coriander powder,green chillies,kala chana (brown chickpeas),sunflower oil",https://www.archanaskitchen.com/images/archanaskitchen/Indian_Appetizers/Shikhampuri_Kebab_Recipe_Kebabs_made_with_Brown_Chickpeas.jpg,16,0.95,0.916667,0.0,12.0,1.0,1.0
Achari Pumpkin Vegetable Recipe,"1/4 teaspoon Kalonji (Onion Nigella Seeds),1 teaspoon Turmeric powder (Haldi),Sunflower Oil,1/2 teaspoon Mustard seeds,2 sprig Coriander (Dhania) Leaves - finely chopped,1 teaspoon Garam masala powder,Salt - to taste,1 teaspoon Garlic - finely chopped,1 teaspoon Cumin seeds (Jeera),1 teaspoon Red Chilli powder,2 Green Chillies - slit,1 teaspoon Punjabi style mango pickle - use only the masala and not the pieces,1 teaspoon Fennel seeds (Saunf),500 grams Kaddu (Parangikai/ Pumpkin) - cut into 1 inch cubes,1/4 teaspoon Methi Seeds (Fenugreek Seeds),1 inch Ginger - finely chopped,1 teaspoon Amchur (Dry Mango Powder),1 pinch Asafoetida (hing)",40,North Indian Recipes,"To begin making the Achari Kaddu Ki Sabzi, combine the pumpkin along with 1.4 cup of water and salt and pressure cook for 1 whistle.
Turn off the flame.
Drain the remaining water and transfer the pumpkin into a bowl.
Heat a skillet with oil on medium flame, add the mustard seeds, fenugreek seeds, fennel seeds, onion seeds and cumin seeds, allow them to sizzle.
 Add a pinch of asafoetida, then add the ginger, garlic and green chilli and saute for few seconds Sprinkle some salt, and add the other masalas- red chilli powder, amchur powder, turmeric powder and garam masala.
Add in only the masala/gravy from the Punjabi pickle.
Finally add in the cooked pumpkin cubes, coriander leaves and give Achari Kaddu Ki Sabzi a good stir.
Serve the Achari Kaddu Ki Sabzi Recipe along with Phulka and Dal Banjara Recipe - Langar Wali Dal by the side to enjoy your lunch meal.",https://www.archanaskitchen.com/achari-kaddu-ki-sabzi-recipe,"green chillies,salt,ginger,kalonji (onion nigella seeds),amchur (dry mango powder),mustard seeds,fennel seeds (saunf),asafoetida (hing),red chilli powder,coriander (dhania) leaves,garlic,methi seeds (fenugreek seeds),cumin seeds (jeera),punjabi style mango pickle only the masala not the,turmeric powder,parangikai pumpkin cubes,garam masala powder,sunflower oil",https://www.archanaskitchen.com/images/archanaskitchen/1-Author/sibyl_sunitha/Achari_Kaddu_Ki_Sabzi_Recipe_Pumpkin_with_Pickle_Masala-4.jpg,18,0.95,0.916667,0.0,12.0,1.0,1.0
Dahi Bhalla Papdi Chaat Recipe,"1 Carrot (Gajjar) - grated,1 cup Green Chutney (Coriander & Mint),2 sprig Coriander (Dhania) Leaves - chopped,2 Onions - finely chopped,4 Curd Vada,1 cup Papdi puris,1 cup Boondi - or sev,Chaat Masala Powder - to taste,1 cup Sweet Chutney (Date & Tamarind),1/4 cup Raw Peanuts (Moongphali) - roasted and halved,Cumin powder (Jeera) - to taste,1 Anardana Powder (Pomegranate Seed Powder)",40,North Indian Recipes,"To begin making the Dahi Bhalla Papdi Chaat, you can either use the puri's or papdi.
We will be making a plate at a time.In a flat plate or a bowl; arrange the papdis or puri's.
Add the dahi bhalla over the papdi or into the puri.
If your bhalla's are large, then break them into small pieces and add them.
Pour some of the dahi as well.
Next drizzle the date chutney and the green chutneys around each of the papdi/ puri's.
Sprinkle chaat masala powder and the cumin powder.
Next sprinkle the grated carrots, pomegranates and the crisp boondi/sev.Finally sprinkle the onions and the chopped coriander leaves.
The chaat is now ready to be served.
Proceed the same way with the remaining Bhalla's and Papdi.Serve the Dahi Bhalla Papdi (Puri) Chaat Recipe as an Appetizer or as as Tea Time Snack to fill your hunger craving.",https://www.archanaskitchen.com/dahi-bhalla-papdi-puri-chaat-recipe,"cumin powder (jeera),curd vada,anardana powder (pomegranate seed powder),chaat masala powder,boondi sev,sweet chutney (date tamarind),carrot,coriander (dhania) leaves,onion,peanuts (moongphali),papdi puris,green chutney (coriander mint)",https://www.archanaskitchen.com/images/archanaskitchen/Indian_Street_Food/Dahi_Bhalla_Puri_Recipe-1.jpg,12,0.95,1.0,0.0,7.0,0.5,1.0
Lauki Paratha Recipe - Bottle Gourd Flatbread,"1 Green Chilli - finely chopped,1 Bottle gourd (lauki) - peeled and grated,1 tablespoon Ghee - for smearing on parathas,Salt - to taste,1/2 teaspoon Garam masala powder,1 teaspoon Ajwain (Carom seeds),2 cups Whole Wheat Flour,2 teaspoon Ginger - grated,1/2 teaspoon Red Chilli powder",50,North Indian Recipes,"To begin making the Lauki Paratha Recipe, peel the outer layer of the lauki, grate and squeeze the excess water and keep aside.Heat a heavy bottomed pan, add the grated lauki and saute until the water completely evaporates from the lauki.
This will take around 10 to 15 minutes.Take a big bowl, add the whole wheat flour, evaporated grated lauki, green chilli, grated ginger, all the spice powders, season with salt and make a soft dough using the required amount of water.Divide the dough in equal portions and roll out each ball into a thick medium size paratha.Heat a skillet on medium heat, and place the rolled paratha on top and allow it to cook on one side.
After about 10 to 15 seconds, flip the paratha.Smear some ghee to cook the paratha on both the sides Cook until you see golden brown spots on both sides.Prepare the rest of the Parathas in a similar way and serve hot.
Serve Lauki Paratha along with Boondi Raita and Aam Ka Achaar for breakfast or for light dinner.",https://www.archanaskitchen.com/lauki-paratha-recipe-bottle-gourd-flatbread,"salt,wheat flour,ginger,green chilli,ajwain (carom seeds),red chilli powder,ghee on parathas,bottle gourd (lauki),garam masala powder",https://www.archanaskitchen.com/images/archanaskitchen/1-Author/Nithya_Anantham/Lauki_Paratha_Recipe_Bottle_Gourd_Flatbread.jpg,9,0.95,1.0,0.0,5.0,0.5,1.0
Suva Methi Baingan Sabzi Recipe ( Eggplant in Dill and Methi leaves Curry Recipe),"2 Tomatoes - chopped roughly,1/4 teaspoon Fennel seeds (Saunf),5 Small Brinjal (Baingan / Eggplant),1 cup Kasuri Methi (Dried Fenugreek Leaves),1 inch Ginger - grated,Salt - to taste,1/4 teaspoon Mustard seeds,3 Green Chillies - chopped small or minced,3 cloves Garlic - minced or crushed,1 tablespoon Mustard oil,1/2 teaspoon Cumin seeds (Jeera),1 pinch Asafoetida (hing),1 cup Dill leaves",35,North Indian Recipes,"We begin making the Suva Methi Baingan Sabzi Recipe ( Eggplant in Dill and Methi leaves Curry Recipe) by heating pressure with oil.Crackle the mustard seeds, cumin seeds, fennel seeds and hing.
Add in the tomatoes, ginger and green chillies.
Sauté for few seconds.Then add in the aubergine, dill leaves and dry fenugreek leaves.
Sprinkle salt and check for season.
Add ½ cup water and pressure cook for 2 whistle.
Release the pressure naturally.
Serve the Suva Methi Baingan Sabzi Recipe ( Eggplant in Dill and Methi leaves Curry Recipe) along with Tawa Paratha and Hot Steam Rice.",https://www.archanaskitchen.com/suva-methi-baingan-sabzi-recipe-eggplant-in-dill-and-methi-leaves-curry-recipe,"tomato,salt,ginger,dill leaves,mustard oil,mustard seeds,brinjal (baingan eggsplant),fennel seeds (saunf),asafoetida (hing),cloves garlic,kasuri methi (dried fenugreek leaves),cumin seeds (jeera),green chillies",https://www.archanaskitchen.com/images/archanaskitchen/1-Author/sibyl_sunitha/Suva_Methi_Baingan_Sabzi_Recipe__Eggplant_in_Dill_and_Methi_leaves_Curry_Recipe.jpg,13,0.95,0.916667,0.0,12.0,1.0,1.0
Zucchini Keerai Thogayal Recipe - South Indian Tangy Spinach and Zucchini Chutney,"1 teaspoon White Urad Dal (Split),1/2 teaspoon Mustard seeds,1 teaspoon Cumin seeds (Jeera),1/2 teaspoon White Urad Dal (Split),10 grams Tamarind,1/2 teaspoon Sesame (Gingelly) Oil,200 grams Spinach Leaves (Palak) - chopped,1/4 teaspoon Methi Seeds (Fenugreek Seeds),1 Green zucchini - chopped,1 sprig Curry leaves,1 teaspoon Whole Black Peppercorns",30,South Indian Recipes,"To begin making the Zucchini Keerai Thogayal Recipe, first prep all the ingredients and keep them ready.Heat a skillet over medium heat; add the fenugreek seeds, cumin seeds, urad dal and black pepper corns.
Roast for about a minute until you get the aromas coming through.
Place the roasted seeds into the mixer grinder.
In the same pan heat a teaspoon of oil over medium heat; add the zucchini, sprinkle salt and roast until it is softened.
Once the zucchini is softened, add the chopped keerai (spinach) and saute until it gets wilted.
Turn off the heat and cool for a bit.Once cooled, add the zucchini and the tamarind to the roasted seeds in the mixer grinder and blend to make a smooth paste.Transfer the Zucchini Thogayal to a bowl.
Heat oil in a skillet for the seasoning over medium heat; add the mustard seeds and urad dal.
Allow the mustard seeds to crackle and the urad dal to turn golden brown.
Stir in the curry leaves and turn off the heat.Pour the seasoning to the Zucchini Keerai Thogayal and check the taste.
Adjust the salt if required.
 Serve the Zucchini Keerai Thogayal along with Ragi Oatmeal Dosa Recipe (Finger Millet and Oatmeal Crepes), Andhra Cheese Vegetables Pesarattu Recipe or even Steamed rice topped with ghee.
",https://www.archanaskitchen.com/zucchini-keerai-thogayal-recipe-south-indian-tangy-spinach-and-zucchini-chutney,"mustard seeds,sesame (gingelly) oil,black peppercorns,curry leaves,white urad dal (split),methi seeds (fenugreek seeds),cumin seeds (jeera),green zucchini,tamarind,spinach leaves (palak)",https://www.archanaskitchen.com/images/archanaskitchen/1-Author/admin/Zucchini_Keerai_Thogayal_Recipe__South_Indian_Tangy_Spinach_and_Zucchini_Chutney.jpg,10,0.95,0.916667,0.0,12.0,1.0,1.0
Wheat Grass Shikanji - Wheat Grass Lemonade Recipe,"1 teaspoon Cumin powder (Jeera),Black Salt (Kala Namak) - to taste,1/2 teaspoon Black pepper powder,50 grams Wheat Grass Powder,1 Lemon - juiced",30,Indian,"To make the Wheat Grass Shikanji, soak the cut wheat grass in water for a few minutes to remove the dirt.Wash it well again, drain the water and then cut it into small pieces.Add boiled water to it and grind in a blender along with ginger to make a fresh green juice and strain.
Drink the Wheat Grass Shikanji early morning in an empty stomach to get the best results.Serve Wheat Grass Shikanji in evening with some snacks like Kala Chana Chaat or Baked Mathri.
You can also drink this empty stomach every morning.",https://www.archanaskitchen.com/wheat-grass-shikanji-lemonade-recipe,"black salt,cumin powder (jeera),lemon,black pepper powder,wheat grass powder",https://www.archanaskitchen.com/images/archanaskitchen/Indian_Beverages/Wheat_Grass_Shikanji_Juice_Recipe_Lemonade-1.jpg,5,0.95,0.916667,0.0,12.0,1.0,1.0
One Pot Pressure Cooker Chicken Curry Recipe - One Pot Pressure Cooker Chicken Curry Recipe," 1 teaspoon red chilli powder, 1 onion - finely chopped, 1 teaspoon coriander powder, 1/2 tsp turmeric powder, 2 cups water, 1 sprig curry leaves, salt - as per taste, 2 tomatoes - finely chopped, 1 inch ginger - finely chopped, 1 teaspoon garam masala powder,1 tsp coconut oil, 300 grams chicken breast - cut, 4 long garlic - finely chopped",40,South Indian Recipes,"To make One Pot Pressure Cooker Chicken Curry Recipe, first heat coconut oil in a pressure cooker.
After heating, add curry leaves, ginger, garlic and cook for 1 minute.
Now add onion and cook till the onion becomes soft.
After the onion becomes soft, add tomatoes, turmeric powder, garam masala powder, red chilli powder, coriander powder and mix well.
Now add chicken, salt, water and close the cooker.
Cook till 3 to 4 cities come.
Allow the pressure to drain on its own.
After the pressure comes out, open the cooker, remove it in a serving bowl and serve.
Serve the One Pot Pressure Cooker Chicken Curry Recipe with Tadka Raita, Cumin Rice and Phulka for dinner.",https://www.archanaskitchen.com/one-pot-pressure-cooker-chicken-curry-recipe-in-hindi,"tomato,turmeric powder,salt,ginger,red chilli powder,water,curry leaves,garlic,onion,coriander powder,coconut oil,chicken breast,garam masala powder",https://www.archanaskitchen.com/images/archanaskitchen/1-Author/sneha-archanaskitchen.com/One_Pot_Pressure_Cooker_Chicken_Curry_Recipe.jpg,13,0.95,0.916667,0.0,12.0,1.0,1.0
Mustard Vegetable Curry Recipe," 2 carrots - cut round thinly, 1 teaspoon cumin seeds, 2 cloves garlic - grated, 1 teaspoon red chilli powder, 1 cup vegetable Stock, 2 potatoes - boiled, 2 tablespoons Dijon Mustard, 1/4 cup green peas - steam, salt - as per taste, 1/2 teaspoon turmeric powder, 1/2 cup coconut milk,2 teaspoons oil, 5 green beans - cut into small pieces, 2 onions - finely chopped",50,Indian,"To make the mustard vegetable curry, first of all steam the vegetables and keep them aside.
Now heat oil in a pan.
Add cumin, garlic, onion and cook till the onion becomes soft.
After the onion softens, add turmeric powder, red chili powder and mix it for 30 seconds.
After that add coconut milk, vegetable stock and Dijon mustard.
After 1 minute add salt, all the vegetables in it, cover the pan and let it cook for 3 to 4 minutes.
Turn off the gas and serve hot.
Serve mustard vegetable curry with spinach raita and tawa paratha for dinner.",https://www.archanaskitchen.com/mustard-vegetable-curry-recipe-in-hindi,"turmeric powder,salt,vegetable stock,green peas,red chilli powder,cloves garlic,carrot,green beans,onion,oil,potatoes,coconut milk,dijon mustard,cumin seeds",https://www.archanaskitchen.com/images/archanaskitchen/Chefs/Chef_Vikas_Khanna/Mustard_Vegetable_Curry_Vikas_Khanna_Recipe_1600.jpg,14,0.95,1.0,0.0,10.0,0.5,1.0
Vegan Mango Lassi Recipe,"2-3 cups Almond Milk (Badam Milk),1 pinch Saffron strands,1 tablespoon Maple syrup,1 teaspoon Vanilla Extract,4 Pistachios - chopped finely,1 pinch Salt,1 Mango (Ripe) - cut into small pieces,1/4 teaspoon Rose water - (optional)",15,Indian,"To begin making Vegan Mango Lassi Recipe, peel the skin of mangoes and cut them into small cubes.
You can use store bought mango puree but it tastes best with fresh fruit pulp.In a Blender, add mango pieces, almonds, and blend them well.
Ensure there are no fruit chunks left out in the jar.Now, add salt, maple syrup, vanilla extract to the jar and grind them until smooth.To add more richness to the lassi, you can add a cup of almond milk yogurt or soy milk yogurt to the drink and grind them together.Serve Vegan Mango Lassi in glasses with ice cubes.
Garnish with chopped pistachios and saffron.You can optionally stir in rose syrup for enhanced flavor and taste.Serve Vegan Mango Lassi along with Black Beans Stuffed Paratha, Aloo Paratha or any other Stuffed Paratha of your choice.
You can also serve your favourite pickle to eat with the stuffed paratha.",https://www.archanaskitchen.com/vegan-mango-lassi-recipe,"salt,almond milk (badam milk,mango (ripe),pistachios,saffron strands,rose water,maple syrup,vanilla",https://www.archanaskitchen.com/images/archanaskitchen/1-Author/Karthika_Gopalakrishnan/Vegan_Mango_Lassi_recipe.jpg,8,0.945455,0.909091,0.0,11.0,1.0,1.0
Healthy Vegetable Poha Cutlet Recipe -Vegetable Beaten Rice Patty,"Whole Wheat Bread crumbs - for coating,2 sprig Coriander (Dhania) Leaves - finely chopped,1/4 cup Carrot (Gajjar) - grated,1 inch Ginger - chopped,Salt - to taste,1 teaspoon Lemon juice,3 Potatoes (Aloo) - boiled,1/4 cup Paneer (Homemade Cottage Cheese) - grated,1/2 teaspoon Black pepper powder,1/2 teaspoon Garam masala powder,Sunflower Oil - for shallow frying,2 teaspoon All Purpose Flour (Maida),2 cups Poha (Flattened rice),2 Green Chilli - chopped,1/2 teaspoon Red Chilli powder,1 teaspoon Chaat Masala Powder",55,North Indian Recipes,"To begin making Vegetable Poha Cutlet Recipe, place the beaten rice in a sieve and wash it thoroughly with water for a few seconds.
Keep aside for 10 minutes to make it soft.Take the boiled potatoes and mash them finely.Put mashed potatoes in a bowl and add soaked poha, grated carrot, grated paneer or channa, salt to taste, black pepper powder, garam masala powder, chat masala powder, red chilli powder, chopped ginger, chopped green chilly, coriander leaves and lastly add lemon juice.
Mix all the ingredients until well combined.Take a generous portion of the mixture and shape each into a cutlet or give the desired shape of your choice.
Prepare rest of the cutlets in the same way.Put all-purpose flour/maida in a bowl and make a thin paste with little water.
Add salt and black pepper; mix it well till no there are no lumps in the mixture.Dip each vegetable poha cutlet one by one in the flour paste and then coat with bread crumbs.
Prepare the rest of the cutlets in the same way.Take a non-stick pan and add a little oil for shallow frying.
Let the oil get hot on medium heat.
Now add prepared vegetable poha cutlets and shallow fry until golden brown on both the sides and crisp.Your Vegetable Poha Cutlet is ready, remove them on an absorbent papaer and then transfer them to a serving plate.Serve Vegetable Poha Cutlet with Dhaniya Pudhina Chutney, Date And Tamarind Chutney or any other chutney of your choice.
",https://www.archanaskitchen.com/dill-poha-cutlets-recipe,"salt,ginger,green chilli,poha (flattened rice),paneer,chaat masala powder,red chilli powder,flour (maida),carrot,coriander (dhania) leaves,lemon,black pepper powder,potato (aloo),wheat bread crumbs,garam masala powder,sunflower oil",https://www.archanaskitchen.com/images/archanaskitchen/1-Author/Reshu_Drolia/Vegetable_Poha_Cutlet_Evening_Snacks_Recipe.jpg,16,0.945455,0.909091,0.0,11.0,1.0,1.0
Paneer Stuffed Ragi Paratha Recipe - High Protein Breakfast,"1/4 cup Mint Leaves (Pudina) - finely chopped,1 cup Paneer (Homemade Cottage Cheese) - grated,1 teaspoon Cumin powder (Jeera),Salt - to taste,Ghee - for cooking paratha,2 Green Chillies - finely chopped,1 tablespoon Sunflower Oil,1 cup Whole Wheat Flour,1 cup Ragi Flour (Finger Millet/ Nagli),1 teaspoon Salt",35,North Indian Recipes,"To begin making the Paneer Stuffed Ragi Paratha Recipe, we will first make the paratha dough.For the dough, in a large bowl, add in the ragi flour, whole wheat flour and required salt.Use your fingers and stir in the salt into the flour.
Add water a little at a time and knead to make soft, pliable paratha dough.Knead paratha dough for a couple of minutes until the paratha dough is smooth and elastic.
Use the fold press and knead motion to make the dough smooth.Next add a teaspoon of oil to coat the paratha dough and knead a little more.
You want a paratha dough that will be soft smooth and not sticky.
Divide the dough into equal portions.Cover the ragi paratha dough and allow it to rest until you get the filling ready.
The next step is to make the Paneer filling for the Ragi ParathaIn a mixing bowl, combine the grated paneer green chillies, freshly chopped mint leaves, salt to taste, cumin powder, Using your fingers again, mix all the ingredients well.Divide the filling into equal portions.This process of dividing and keeping the portions for paratha dough and filling ready, helps you gauge the number of parathas you can make and if you need more or less of the filling.The final step is to stuff the filling into the ragi paratha dough.Dust the ragi paratha dough in flour, flatten it with your finger and place it on a flat surface.
Roll them out thin to approximately 3 inches in diameter.Take a portion of paneer filling and place it in the center.
Next gather the sides of the paratha dough and bring them together.
Remove the little excess dough which popped out when you brought them together.
Press the filled ragi paneer paratha dough down.Dust the filled paneer paratha dough in some flour and roll it gently applying just a pressure.
Roll it to desired thickness and proceed the similar way with the remaining portions of paratha dough and filling.Preheat skillet on medium heat and grease it with little oil.
Place the filled ragi paneer paratha.
Allow it to cook on medium heat for about 30 to 45 seconds and flip over.Spread a little oil over the paratha and keep pressing the ragi paneer stuffed parathas while on the skillet to cook the paratha evenly from inside out.Do the flipping over process a couple of times until both sides get cooked, browned and crisp evenly.
Make sure you cook on medium heat as it allows the Paneer Stuffed Ragi Paratha Recipe to get a crisp on the outside and yet soft texture.Once the Paneer Stuffed Ragi Paratha Recipe is cooked transfer to a plate.
Continue to the same process with the remaining parathas the same way.Serve this Paneer Stuffed Ragi Paratha Recipe along with Spring Onion and Peanut Raita Recipe and Amla Achaar Recipe for a hearty and healthy high protein breakfast or an indian diabetic breakfast or lunch.",https://www.archanaskitchen.com/ragi-and-atta-paneer-stuffed-paratha-recipe,"salt,wheat flour,cumin powder (jeera),paneer,ragi flour (finger millet nagli),mint leaves (pudina),ghee paratha,green chillies,sunflower oil",https://www.archanaskitchen.com/images/archanaskitchen/0-Archanas-Kitchen-Recipes/2018/Ragi_Paneer_Stuffed_Paratha_Recipe_Nutralite-5.jpg,9,0.945455,0.909091,0.0,11.0,1.0,1.0
Pasi Paruppu Kosumalli Recipe (Spiced Lentil Salad Recipe),"1 Cucumber - finely chopped,1 Carrot (Gajjar) - grated,1 sprig Curry leaves - roughly torn,Coriander (Dhania) Leaves - chopped,Salt - to taste,2 tablespoon Lemon juice,1 teaspoon Mustard seeds,2 Green Chillies - slit,1/4 cup Fresh coconut - grated,1/2 cup Yellow Moong Dal (Split),1/2 teaspoon Asafoetida (hing),1 teaspoon Sunflower Oil",45,South Indian Recipes,"We begin making Pasi Parupu Kosumalli Recipe (Spiced Lentil Salad Recipe) by washing and soaking the dal for half an hour.
Drain the water.Keep all the vegetables prepped and set it aside.Heat the skillet with oil and temper it with mustard seeds, asafoetida, green chillies, and curry leaves.
Add it to the mixed vegetables.Drain the dal and add it to the mixture with salt to taste and mix it thoroughly till the dal is evenly coated.Serve your fresh Pasi Paruppu Kosumalli Recipe (Spiced Lentil Salad Recipe) during lunch or relish it as a quick snack.",https://www.archanaskitchen.com/pasi-parupu-kosumalli-recipe-spiced-lentil-salad-recipe,"salt,yellow moong dal (split),coconut,mustard seeds,asafoetida (hing),coriander (dhania) leaves,carrot,curry leaves,lemon,cucumber,green chillies,sunflower oil",https://www.archanaskitchen.com/images/archanaskitchen/0-Archanas-Kitchen-Recipes/2016/sept-23/Moong_Dal_Cucumber_Salad_Pasi_Paruppu_Kosumalli_Recipe_Navratri_Gollu_Moong_Dal_Cucumber_Salad-Pasi_Paruppu_Kosumalli_Recipe__-1.jpg,12,0.945455,0.909091,0.0,11.0,1.0,1.0
 Tomato Onion Cucumber Raita (Recipe In Hindi)," 2 cucumber - peel and chop, 2 green chillies - finely chopped,2 cups Hung curd - whisk, 1 teaspoon cumin powder, 1/2 teaspoon mustard, 2 tomatoes - finely chopped, salt - According to taste, 1 teaspoon oil",35,Indian,"To make tomato onion and cucumber raita, first cut the sari vegetables and keep them separately.
Now beat curd in a bowl and add salt, cumin powder, chopped vegetables and mix.
Now we will put a temper on it.
Take a Tadka Pen and add mustard and let it cook for 10 seconds.
Now put it in Tadka Raita, mix and serve.
Serve tomato onion and cucumber raita along with dal fry, gourd elder greens and phulka for the day's dinner.",https://www.archanaskitchen.com/tomato-onion-cucumber-raita-recipe-in-hindi,"tomato,cucumber,salt,cumin powder,mustard,oil,hung curd,green chillies",https://www.archanaskitchen.com/images/archanaskitchen/Indian_Raitas/Tomato_Onion_Cucumber_Raita_Recipe-1-2.jpg,8,0.94,0.9,0.0,10.0,1.0,1.0
 Dry Navratan Korma (Recipe In Hindi)," 1/2 cup pomegranate, 2 bay leaves, 2 onions - chopped, 2 tomatoes - puree, 1/2 tablespoon garam masala powder, cashews - some,1 cabbage - cut into small pieces, 1/2 cup green chili, 2 carrots - finely chopped, 1 cinnamon, 1 Inch ginger - chopped, 1 teaspoon celery, 2 potatoes - sliced, 1 cup butter, oil - as per use, green coriander - to garnish, 2 tablespoons raisins, 4 cloves garlic - chopped, 2 green chillies - chopped, Coriander (Dhania) Leaves - few for garnishing, Salt - as per taste, 1 capsicum (green) - chopped, 5 green beans - chopped, 1-1 / 5 tablespoon coriander powder, 1/2 cup cashew nuts - make paste, 2 cardamom, 1/2 Cups Pineapple - cut into small pieces, 1 teaspoon red chili powder , 100 gms cottage cheese - small pieces",40,North Indian Recipes,"To make Navratan Korma (dry), first of all prepare the ingredients.
Now heat oil in a pan and add pieces of paneer to it.
Fry it well and drain it to soak more oil on a tissue.
Add some more oil and add all the spices.
After 10 seconds, add onion and cook till it becomes soft.
After the onion is soft, add ginger garlic paste and green chillies.
Cook it for 2 to 3 minutes.
Now add tomato puree and cook for 3 to 5 minutes.
Now add chopped vegetables to it.
Mix well and then add coriander powder, red chili powder, garam masala and let it cook for 5 minutes.
Add cashew paste and butter after 5 minutes and mix them all.
After this, add 1/2 cup water and cover the pan.
Allow it to cook for 7 to 8 minutes.
When the vegetables become soft, add raisins and cashews to it.
After 1 minute add pineapple and pomegranate to it.
Turn off the gas, add pieces of panner and garnish the green.
Serve Navratan Korma (dry) with Phulka, Panchamel Dal and Bundi Raita for dinner.",https://www.archanaskitchen.com/dry-navratan-korma-recipe-in-hindi,"tomato,coriander (dhania) leaves,coriander (dhania) leaves,cloves garlic,carrot,onion,cardamom,potatoes,bay leaves,green chillies,salt,pineapple,green chilli,capsicum (green),cinnamon,raisins,green beans,coriander powder,garam masala powder,cashews some,red chilli powder,oil,pomegranate,butter,cabbage,cashew nuts,ginger,gms cottage cheese,celery",https://www.archanaskitchen.com/images/archanaskitchen/1-Author/shaheen_ali/Dry_Navratan_Korma__Nine_Gem_Dry_Curry_.jpg,29,0.94,0.9,0.0,10.0,1.0,1.0
Hara Pyaz Paratha Recipe - Spring Onion Paratha Recipe,"1/2 teaspoon Cumin powder (Jeera),Ghee - for cooking,1/4 cup Bajra Flour ( Pearl Millet),1 cup Spring Onion (Bulb & Greens) - washed,Salt - to taste,1-1/2 cups Whole Wheat Flour,1/4 teaspoon Turmeric powder (Haldi),1/4 cup Jowar Flour (Sorghum)",35,Indian,"To begin with Spring Onion Paratha/ Hara Pyaz Paratha, first chop the spring onions using the turbo chop and keep aside.In a large mixing bowl, combine the flours, salt, turmeric powder, cumin powder and the chopped spring onions.
Add little water at a time and make a smooth and yet firm dough.Divide the Hara Pyaz Paratha dough into 8 portions.
Preheat the iron skillet on medium heat.Roll the Hara Pyaz Paratha portions into balls and flatten them with the palm of your hand.
Toss them on flour and roll them out into circles of approximately 3 inches in diameter.
We need to get a triangle shape, to do so, first fold into a semi-circle, then fold the semi-circle into half again.
You get a mini triangle shape.Tossing the triangle on a little flour, roll it out gently into a larger triangle.
Continue the same process of rolling with the remaining dough portions.With skillet on medium high heat, place one rolled out Hara Pyaz Paratha on the skillet.
After a few seconds you will notice an air pockets popping out.At this point flip the Hara Pyaz Paratha and smear about 1/2 a teaspoon of ghee.
Using a flat spatula do a light pressing and turning motion to cook to the paratha.Flip to the other side and press and turn the Hara Pyaz Paratha in a similar way.
You will notice brown spots around the parathas and it will be slightly crisp.
Remove the Hara Pyaz Paratha from heat and place on a platter or serve hot.Continue the similar process with the remaining rolled Hara Pyaz Paratha portions and stack the cooked Hara Pyaz Paratha one above the other.Serve Spring Onion Parathas/Hara Pyaz Paratha with Burani Raita or Tomato Onion Cucumber raita and Dhaniya Pudina chutney for a delicious meal.
",https://www.archanaskitchen.com/spring-onion-parathas-scallions-stuffed-wholewheat-flatbread-recipe,"salt,wheat flour,cumin powder (jeera),jowar flour (sorghum),ghee,spring onion (bulb greens),bajra flour ( pearl millet),turmeric powder",https://www.archanaskitchen.com/images/archanaskitchen/0-Archanas-Kitchen-Recipes/2018/Hara_Pyaz_Paratha_Spring_Onion_Paratha_Recipe-2_1600.jpg,8,0.94,0.9,0.0,10.0,1.0,1.0
Bharwa Karela With Sweet Potato Filling Recipe,"1 inch Ginger - chopped,2 Sweet Potatoes - boiled,5 Karela (Bitter Gourd/ Pavakkai),1 teaspoon Garam masala powder,Salt - as needed,1 Green Chillies,Sunflower Oil - to cook,2 Tomatoes - chopped,1/4 teaspoon Turmeric powder (Haldi),1/2 teaspoon Red Chilli powder,1 teaspoon Chaat Masala Powder",55,Indian,"To begin making the Bharwa Karela with Sweet Potato Filling Recipe, first peel the karelas/bitter gourd.
Rinse off with salt and turmeric to remove the bitterness.
Let it rest for 20-25 minutes.Now cut the bitter gourd into three equal portions.
Scoop out and discard seeds and pulp to fill the sweet potato masala.Then to prepare the sweet potato masala.
Pressure cook the peeled sweet potato in a pressure cooker with 1 cup of water and cook for 3 whistle.Heat a skillet with oil, add ginger and allow it to soften for few seconds.
Add chopped tomatoes and green chilies and sprinkle with salt.
Allow the tomatoes turn mushy.Add turmeric powder, red chili powder, chat masala, garam masala and salt.
Mix everything to be incorporated well.Cook for at least 2 minutes until the raw smell goes and you can add cooked sweet potato and mix everything up.Now fill the karelas with potato masala filling tightly.Serve the Bharwa Karela with Sweet Potato Filling Recipe along with Panchmel Dal and Phulka for an everyday meal.
",https://www.archanaskitchen.com/bharwa-karela-with-sweet-potato-filling-recipe,"tomato,salt,ginger,karela (bitter gourd pavakkai),chaat masala powder,red chilli powder,turmeric powder,green chillies,sweet potatoes,garam masala powder,sunflower oil",https://www.archanaskitchen.com/images/archanaskitchen/1-Author/sibyl-archanaskitchen.com/Bharwa_Karela_with_Sweet_Potato_Filling_Recipe_.jpg,11,0.94,0.9,0.0,10.0,1.0,1.0
Kabuli Chana Sundal Recipe - Chickpea Sundal Recipe," salt - to taste, 1/4 tsp asafoetida, 2 tbsp Spoon coconut - grated, 1/2 tsp rye, 1 inch ginger - tighten,1 cup black gram - soak overnight and cook till it becomes soft, 1 tsp green chilli, coriander - little, 1 tsp oil",40,South Indian Recipes,"Heat oil in a pan to make Kabuli Chana Sundal recipe.
Add mustard seeds and cook till it sizzle.
Now add ginger, green chillies, hing, salt, and kabuli gram.
Cook for 1 to 2 minutes.
Now add coconut and cook for 1 minute more.
Turn off the gas, garnish with green coriander and serve.
Serve Kabuli Chana Sundal Recipe along with mixed vegetable sambar, rice and papad for dinner.",https://www.archanaskitchen.com/chickpea-sundal-recipe-in-hindi,"salt,rye,ginger,green chilli,black gram soak cook till becomes soft,asafoetida,spoon coconut,coriander,oil",https://www.archanaskitchen.com/images/archanaskitchen/Indian_Tea_Time_Snacks/Black_Chickpea_Sundal_Recipe_Kala_Chana_Sundal-1.jpg,9,0.94,0.9,0.0,10.0,1.0,1.0
Papaya and Carrot Halwa Recipe,"4 cups Papaya - peeled and grated,1/4 cup Ghee,2 Saffron strands,1/2 teaspoon Cardamom Powder (Elaichi),1 cup Carrot (Gajjar) - grated,3/4 cup Milk,1/2 cup Sugar,2 tablespoons Badam (Almond) - sliced",50,North Indian Recipes,"To begin making the Papaya and Carrot Halwa Recipe, first get the ingredients ready by grating the papaya and carrots.In a heavy bottomed pan add the ghee, the grated papaya and carrots.
Saute for a few minutes until you get a good aroma.
Stir in the milk, sugar and simmer with the papaya carrot halwa mixture until all the milk condenses to form a thick halwa.You will notice the halwa would become thick and become sticky leaving the sides of the pan.
The milk and water content should be completely evaporated and the Papaya Carrot Halwa will look glossy.At this stage add a tablespoon of ghee and mix well and finally stir in the cardamom powder, saffron and sliced almonds to the halwa.
Turn off the heat and serve.Serve the Papaya & Carrot Halwa along with vanillas ice cream as a Dessert for parties or as a special sweet for the festivals like Diwali, Navratri, Raksha Bandhan and Holi.",https://www.archanaskitchen.com/papaya-and-carrot-halwa-recipe,"ghee,milk,saffron strands,carrot,sugar,papaya,badam (almond),cardamom powder (elaichi)",https://www.archanaskitchen.com/images/archanaskitchen/Indian_Sweets_Mithai/Papaya_Halwa_Recipe-1.jpg,8,0.935,0.916667,0.0,12.0,0.85,1.0
North East Khapse Recipe (Deep Fried Biscuits From Arunachal),"2 cups All Purpose Flour (Maida),1/4 cup Sunflower Oil - & more to deep fry,3 tablespoon Sugar,1/2 cup Milk",50,Indian,"To begin making North East Khapse Recipe (Deep Fried Biscuits From Arunachal), dissolve the sugar in 1/2 cup of warm water.
Combine flour, oil, sugar water and milk in a mixing bowl.Mix everything together to make a smooth ball of dough.
Roll out the dough to about a 1/4 inch thickness.Cut the dough in strips and slice a slot in the middle of each piece.
Pull one corner of the piece of dough through the slot in the middle, creating a twist.Fry them in a deep fry pan  on medium-high heat till the Khapse turns golden brown, moving them around fairly often and very gently.Serve North East Khapse Recipe (Deep Fried Biscuits From Arunachal) with hot Masala Chai and Grilled Spicy Potato Sandwich for a perfect tea party with your family.",https://www.archanaskitchen.com/north-east-khapse-recipe-deep-fried-biscuits-from-arunachal,"sugar,flour (maida),milk,sunflower oil",https://www.archanaskitchen.com/images/archanaskitchen/1-Author/Rupal_Patel/Khapse.jpg,4,0.935,0.916667,0.0,12.0,0.85,1.0
Singhade Ka Achar Recipe (Water Chestnut Pickle),"1 tablespoon Red Chilli powder,1 tablespoon Mustard powder,1 teaspoon Sugar,2 tablespoons Salt,2 tablespoons Turmeric powder (Haldi),2 tablespoons Fennel seeds (Saunf) - powdered,1 teaspoon Vinegar,2 tablespoons Sunflower Oil,1 kg Singhade (water chestnut) - boiled",40,North Indian Recipes,"To begin making the Singhade Ka Achaar recipe, peel the pointed sides, wash and cut into two.Boil it with a glass of water for 10 to 12 minutes in a saucepan, cool and keep in strainer.
Lay it in an open space for 1 hour now.
Take a large bowl and mix all the ingredients including the boiled singhade properly.Keep the jar in sun light for 2 days and it's ready to serve.Serve Singhade Ka Achaar along with Pudina Tawa Paratha or Nutty Aloo Paratha for breakfast on a weekend morning.
",https://www.archanaskitchen.com/singhade-ka-achaar-recipe-water-chestnut-pickle,"salt,fennel seeds (saunf),red chilli powder,mustard powder,sugar,vinegar,singhade (water chestnut),turmeric powder,sunflower oil",https://www.archanaskitchen.com/images/archanaskitchen/1-Author/hema/singhade_ka_achaar.jpg,9,0.933333,0.916667,0.083333,12.0,1.0,1.0
Rasgulla custard pudding recipe,"10 Rasgulla,2 tablespoons Custard powder,1-1/2 teaspoon Rose water,1 tablespoon Pistachios - chopped,1/2 liter Milk,4 tablespoons Rasgulla syrup",30,North Indian Recipes,"To begin making the Rasgulla Custard recipe, pour milk into a nonstick pan keeping 1/2 cup of milk out of it aside.
Boil till the milk reduces a bit and remove from flame.Take the custard powder in a small bowl, add 1/2 cup of milk (that was kept aside) and make a smooth consistency.Add this mixture into boiled milk along with rasgulla syrup and mix well.
Cook again with constant stirring to avoid any lump formation.
Meanwhile squeeze the rasgullas, cut into half and keep aside.When the mixture thickens, add rose water along with cut rasgullas one by one.
Stir gently and remove from flame.Refrigerate for 1 to 2 hours.
While serving, garnish with chopped pistachio.
Serve chilled! ",https://www.archanaskitchen.com/rasgulla-custard-pudding-recipe,"pistachios,milk,rose water,rasgulla syrup,rasgulla,custard powder",https://www.archanaskitchen.com/images/archanaskitchen/1-Author/firsttimercook/Rasgulla_Custard_Pudding.jpg,6,0.933333,0.888889,0.0,9.0,1.0,1.0
Lugai Gosht Recipe - Mutton In Spicy Tomato Onion Gravy,"3 Green Chillies,1 kg Mutton,750 grams Onion - thinly sliced,Ghee - as required,1/2 tablespoon Red Chilli powder - adjustable,750 grams Tomato - finely chopped,1 inch Cinnamon Stick (Dalchini),1 teaspoon Cumin seeds (Jeera),4 Whole Black Peppercorns,Salt - to taste,1/2 tablespoon Cumin powder (Jeera) - adjustable,2 Dry Red Chillies,1 tablespoon Ginger Garlic Paste,1/2 inch Ginger - thinly sliced,Sunflower Oil - as required,3 Cardamom (Elaichi) Pods/Seeds -",45,North Indian Recipes,"To begin making the Lugai Gosht recipe, heat oil and ghee in a pressure cooker.
 Add the whole spices including cinnamon stick, cumin seeds, black pepper corns, dry red chillies to the cooker and cook it for about 30 seconds.After 30 seconds, add thinly sliced onions and cook till they turn brown in colour.Once it is done, add ginger garlic paste, green chillies and tomatoes along with cumin powder, red chilli powder and salt.
Mix properly and cook for about 2 to 3 minutes.Next, add the meat and mix well.
Close the pressure cooker and let it cook for 2 whistles.
After 2 whistles, open the lid and let it  simmer for 10 minutes.
Garnish with coriander and thinly sliced ginger.
Serve hot.Serve Lugai Gosht along with Whole Wheat Lachha Paratha, Burani Raita and Jeera Rice for a weekend lunch or dinner.",https://www.archanaskitchen.com/lugai-gosht-recipe-mutton-in-spicy-tomato-onion-gravy,"tomato,salt,cumin powder (jeera),ginger,ghee,cardamom (elaichi) podsseeds,red chilli powder,black peppercorns,ginger garlic paste,dry red chillies,onion,mutton,cinnamon stick (dalchini),cumin seeds (jeera),green chillies,sunflower oil",https://www.archanaskitchen.com/images/archanaskitchen/0-Affiliate-Articles/Lugani_Gosht_original.jpg,16,0.933333,0.888889,0.0,9.0,1.0,1.0
Easy Potato Kurma Recipe,"Salt - as required,1/2 teaspoon Turmeric powder (Haldi),1 teaspoon Ginger Garlic Paste,1-1/2 teaspoon Red Chilli powder,1 inch Cinnamon Stick (Dalchini),1 teaspoon Cumin seeds (Jeera),1 teaspoon Coriander Powder (Dhania),1/2 cup Fresh coconut - grated,1/2 teaspoon Garam masala powder,1 Onion - finely chopped,3 Potato (Aloo),1 teaspoon Fennel seeds (Saunf),1 tablespoon Sunflower Oil,1 Bay leaf (tej patta),2 Tomatoes",45,South Indian Recipes,"To prepare Easy Potato Kurma Recipe, get ready with all the ingredients.
Pressure cook potatoes for two whistles; once boiled, remove skin and cut them into cubes; Keep aside.Grind all the ingredients mentioned under ""To Grind"" and ground them into a fine paste in a mixer.Heat oil in a medium frying pan.Add cinnamon, cloves, bay leaf and finely chopped onion.
Cook until they become transparent.Add ginger garlic paste and sauté for few minutesAdd chopped tomatoes and cook until they become sauce.Add turmeric powder, red chilli powder, coriander powder, garam masala powder and cook until the spice powders are blended well with the onion-tomato mixtureAdd cubed potatoes and toss them well with the spicy mixture in the pan.Add the grounded coconut paste and a cup of water.Cook the kurma until the potatoes are absorbed in the spices and required amount of consistency is attained.Prepare this easy potato kurma along with Whole Wheat Lachha Paratha and delight everyone in the family with this delicious curry.",https://www.archanaskitchen.com/easy-potato-kurma-recipe,"tomato,salt,bay leaf (tej patta),fennel seeds (saunf),coconut,potato (aloo),red chilli powder,ginger garlic paste,onion,cinnamon stick (dalchini),cumin seeds (jeera),coriander powder,turmeric powder,garam masala powder,sunflower oil",https://www.archanaskitchen.com/images/archanaskitchen/1-Author/Karthika_Gopalakrishnan/Easy_Potato_Kurma.jpg,15,0.933333,0.916667,0.083333,12.0,1.0,1.0
Tattha Poyaru Sambar Recipe - Black Eyed Beans Sambar,"1 teaspoon White Urad Dal (Split),1/4 cup Arhar dal (Split Toor Dal),2 Dry Red Chilli,2 teaspoon Sambar Powder,1/4 teaspoon Turmeric powder (Haldi) - + 1/4 teaspoon,2 cloves Garlic,1 Tomato - finely chopped,1/8 teaspoon Asafoetida (hing),1 teaspoon Red Chilli powder,1 teaspoon Mustard seeds,1/4 cup Coriander (Dhania) Leaves - finely chopped,1 Onion - finely chopped,1 cup Black Eyed Beans (Lobia),1/2 teaspoon Methi Seeds (Fenugreek Seeds),2 tablespoons Sunflower Oil,1 teaspoon Salt",50,South Indian Recipes,"To begin making the Thatta Payaru Sambar recipe, wash the toor dal with water twice and drain the excess water from the dal.Add 1/4 teaspoon of turmeric to the toor dal and cook the dal in pressure cooker for three whistles.
Set the cooked dal aside until the pressure releases.In a large pot, add about 3 cups of water and bring it to boil over high heat.
Add black eyed beans and 1/4 teaspoon of turmeric powder to the boiling water.Cook the beans with lid uncovered until the beans become soft and tender.
Drain the excess water from the beans and set aside.Heat a medium sized pan on the stove over medium heat.
Add oil to the pan.
Once the oil is hot, add the ingredients mentioned under tempering which includes asafoetida, dry red chilli, fenugreek seeds, mustard seeds and white urad dal.
Fry them for few seconds, till the mustard seeds splutter and urad dal turns golden.Add chopped onions, tomatoes and saute till the onions are soft and translucent.
Once the onions are soft, add sambar powder, red chili powder, and salt.
Stir well.To the spice blend, add cooked dal and 2 cups of water.Bring the mixture in the pan to boil.
Once the mixture starts boiling, add cooked beans and combine them well.Cook until the raw smell of spice powders goes off.
At the end, add minced garlic and give them a stir.
Simmer the curry for 2 to 3 minutes.Switch off the stove and add freshly chopped coriander leaves to Sambar.
Leave it undisturbed till serving time.Serve Thatta Payaru Sambar with Steamed Rice, Carrot and Beans Thoran and Elai Vadam.
Add a spoon of ghee to the sambar rice to make it more delicious.",https://www.archanaskitchen.com/thatta-payaru-sambar-recipe-black-eyed-beans-sambar,"tomato,salt,arhar dal (split toor dal),sambar powder,coriander (dhania) leaves,asafoetida (hing),mustard seeds,red chilli powder,cloves garlic,dry red chilli,white urad dal (split),onion,methi seeds (fenugreek seeds),turmeric powder,black eyed beans (lobia),sunflower oil",https://www.archanaskitchen.com/images/archanaskitchen/1-Author/Karthika_Gopalakrishnan/Thatta_Payaru_Sambar.jpg,16,0.933333,0.888889,0.0,9.0,1.0,1.0
One Pot Pav Bhaji Recipe Using Preethi Electric Pressure Cooker,"1 tablespoon Lemon juice,1 cup Tomato - puree,1 sprig Coriander (Dhania) Leaves - finely chopped for garnishing,3 cloves Garlic - grated,Salt - to taste,2 Carrots (Gajjar) - diced,1 Onion - finely chopped,12 Pav buns,1/2 cup Cabbage (Patta Gobi/ Muttaikose) - chopped,2 teaspoons Pav bhaji masala,1 teaspoon Ginger - grated,1/2 cup Green peas (Matar) - steamed,3 Potatoes (Aloo) - peeled and diced,2 tablespoons Butter,1 Green Bell Pepper (Capsicum) - finely chopped,1 teaspoon Chaat Masala Powder,1 Onions - finely chopped for serving",55,North Indian Recipes,"We will begin making the Pav bhaji using  Preethi Electric Pressure Cooker.First set pressure cooker to the gravy mode, so we can saute the masala for the pav bhaji.
Once the cooker is heated, add the oil, onion, garlic, ginger and saute until the raw smell from the onion goes away.Once it does, add all the remaining ingredients for the bhaji except, the steamed green peas, butter, and lemon juice.Stir well, add 1/2 cup of water, Lock the lid in place.
Set the timer for 30 minutes and allow it to cook until you hear the beep sound.Once done, allow the pressure to release naturally in the electric pressure cooker.Open the cooker, mash the pav bhaji using a potato masher until it looks well mashed.
Add the lemon juice and butter and stir.
Check the taste and adjust accordingly.
Once done, transfer the One Pot Electric Pressure Cooker Pav Bhaji to a serving bowl.Serve the One Pot Electric Pressure Cooker Pav Bhaji along with toasted Homemade Whole Wheat Pav, and Masala Chai  with some onions sprinkled on the top.",https://www.archanaskitchen.com/one-pot-pav-bhaji-recipe-using-preethi-electric-pressure-cooker,"tomato,pav bhaji masala,salt,ginger,chaat masala powder,green peas (matar),cloves garlic,carrot,coriander (dhania) leaves,onion,lemon,green bell pepper (capsicum),pav buns,potato (aloo),butter,cabbage (patta gobi muttaikose)",https://www.archanaskitchen.com/images/archanaskitchen/Indian_Street_Food/One_Pot_Pav_Bhaji_Recipe_Using_Preethi_Electric_Pressure_Cooker-1.jpg,16,0.933333,0.888889,0.0,9.0,1.0,1.0
 South Indian Egg Curry Recipe," 1 tsp coriander powder, oil - as per use, 1 teaspoon cumin seeds, Salt - according to taste, 1 onion - chopped, 6 garlic - grated, coriander - chopped, 2 tomatoes - chopped, 1/4 tsp turmeric powder,4 eggs, 1/2 teaspoon mustard, 1/2 tsp garam masala powder , 1 tsp red chilli powder",25,South Indian Recipes,"To make Muttai Kunjhambu recipe, first place the water in a saucepan to boil as per the usage.
When the water boils, add eggs to it and boil it for 12 to 15 minutes.
Take out the eggs and keep them aside to cool.
Remove the skin and cut it in half.
Keep aside, now heat oil in a pan.
Add rai, cumin seeds and let it splutter.
Now add onion and cook till it becomes soft.
After the onion becomes soft, add garlic to it and cook for 1 minute.
Now add tomatoes and cook till they become soft.
After the tomatoes are soft, add coriander powder, garam masala powder, red chilli powder, turmeric powder, salt and mix well.
Allow to cook for 1 minute.
Now add water as per use and cook for 5 to 7 minutes.
After this, add eggs and cook for 2 to 3 minutes.
Turn off the gas, garnish with green coriander and serve.
Serve Kerala Muttai Kunjhambu recipe with a salad of your choice for dinner.
You can also serve this gravy with rice.",https://www.archanaskitchen.com/muttai-kuzhambu-recipe-south-indian-egg-curry-in-hindi,"tomato,turmeric powder,salt,red chilli powder,mustard,coriander,onion,garlic,coriander powder,oil,eggs,cumin seeds,garam masala powder",https://www.archanaskitchen.com/images/archanaskitchen/1-Author/swathynandhini/MUTTAI_KUZHAMBU__EGG_CURRY__1600.jpg,13,0.933333,0.888889,0.0,9.0,1.0,1.0
Nankhatai Recipe - A Spiced Eggless Indian Cookie,"1 cup All Purpose Flour (Maida),1/2 cup Ghee,3/4 cup Caster Sugar,3 tablespoons Curd (Dahi / Yogurt) - or more if required,1/2 teaspoon Baking powder,2 tablespoons Sooji (Semolina/ Rava),1 cup Ghee,1/4 teaspoon Salt,1 teaspoon Cardamom Powder (Elaichi),4 tablespoons Gram flour (besan)",50,Indian,"To begin making the Nankhatai Recipe, preheat the oven to 180 C.
And prepare a baking sheet greased with butter or ghee.In a stand mixer or a large bowl, combine all the dry ingredients together.
Add in the wet ingredients and beat until all the ingredients come together in the form of a dough.
Place the dough in a cling wrap and refrigerate for about 3 hours until chill.
This process is optional, but I like to do this as it makes the cookies more crunchy.Divide and shape the dough into lemon size balls, you can get about 25 to 30 balls of cookies.
Give a slight thumb impression in the center.
 Dip the balls in the crushed nuts.Arrange the Nankhatai in a baking sheet and place them in a preheated oven and bake until lightly golden brown for about 15 to 20 minutes.Serve the delicious spiced Nankhatai along with a hot cup of chai or pack it as a snack for the kids lunch box.
Store them in an airtight container.Serve Nankhatai along with hot Masala Chai for your tea time break.
",https://www.archanaskitchen.com/authentic-nan-khatai-recipe,"salt,baking powder,ghee,gram flour (besan),curd,caster sugar,cardamom powder (elaichi),sooji (semolina rava),flour (maida)",https://www.archanaskitchen.com/images/archanaskitchen/0-Archanas-Kitchen-Recipes/2018/Nankhatai_recipe_indian_biscuit-11.jpg,9,0.933333,0.888889,0.0,9.0,1.0,1.0
Aloo Bhey Ki Sabzi Recipe (Potato Lotus Stem Curry),"1 teaspoons Turmeric powder (Haldi),1 cup Lotus Stem - sliced round,Sunflower Oil - for cooking,1 teaspoon Garam masala powder,Salt - to taste,1 teaspoon Cumin seeds (Jeera),4 Garlic,4 Green Chillies,2 Onions - roughly chopped,1 inch Ginger,1/4 teaspoon Asafoetida (hing),3 Potatoes (Aloo) - peeled and diced,1/2 cup Homemade tomato puree,4 sprig Coriander (Dhania) Leaves - finely chopped,2 teaspoons Coriander Powder (Dhania),1/2 teaspoon Red Chilli powder",45,North Indian Recipes,"To begin making the Aloo Bhey Ki Sabzi Recipe, we will first prep all the various components.First of all, place the ingredients listed under “Ingredients to be made into a paste” into a blender and grind them down into a smooth paste.
Pour it into a bowl and set it aside for later.Then add 3 small tomatoes into the blender and blend them to a puree.
Pour the puree into a bowl and set that aside too.Now to make the sabzi, heat some oil in a pressure cooker.
When it is warm enough, add asafetida and cumin seeds and let them crackle.Next add the prepared onion garlic paste and saute well for 3-4 minutes until the paste turns golden-brown and the raw smell goes away.Next add the red chilli powder, turmeric and coriander powder.
Top with salt and continue to cook for 2 minutes more.At this stage, when the masalas are all cooked through, pour in the prepared tomato puree and cook for another 3-4 minutes, stirring continuously, until you see oil leaving the sides of the pan.
This is an indication that the masalas are cooked through.Now add cubed potato and lotus stem rounds, stir well and cook for 2-3 minutes.Top it up with 2 cups of water and cover the pressure.
Allow the sabzi to cook covered for 2 whistles.Turn the heat off and allow the pressure to release natural.
When the weight can be lifted and the lid comes off with ease, open the cooked and simmer the sabzi for 5 minutes.
This will allow some excess water to evaporate.
At this stage you can taste for salt and spice and adjust both accordingly.When done, take the pressure cooked off the heat, pour the sabzi into a serving bowl and serve hot with Phulkas and Pumpkin Dal Tadka",https://www.archanaskitchen.com/aloo-bhey-ki-sabzi-recipe-potato-lotus-stem-curry-kamal-kakdi,"tomato,salt,ginger,coriander powder,asafoetida (hing),red chilli powder,coriander (dhania) leaves,onion,cumin seeds (jeera),garlic,lotus stem,potato (aloo),turmeric powder,green chillies,garam masala powder,sunflower oil",https://www.archanaskitchen.com/images/archanaskitchen/1-Author/Sapana_Behl/Potato_Lotus_Stem_Curry.jpg,16,0.933333,0.916667,0.083333,12.0,1.0,1.0
Thengai Sadam Recipe (A Quick and Healthy Coconut Rice),"1 cup Fresh coconut - grated,Salt - to taste,1 teaspoon Mustard seeds,1 Raw Peanuts (Moongphali) - fistful,1 + 1 tablespoon Coconut Oil,2-1/2 cups Cooked rice,2 teaspoons Chana dal (Bengal Gram Dal),3 or 4 Green Chillies - finely chopped,1 teaspoon Ginger - grated,2 teaspoons White Urad Dal (Split),1 sprig Curry leaves",60,South Indian Recipes,"To begin cooking the Thengai Sadam (Coconut Rice Recipe), heat a tablespoon of coconut oil in a heavy bottomed pan or wok.
Add the mustard seeds to the oil, and once it begins to crackle, add in the urad dal, channa dal and the peanuts.Once the dals begins to brown, add the green chillies, curry leaves and ginger and stir them together for a few minutes.Next, add in the coconut to the kadai and mix them all together.
Care should be taken to avoid any moisture remaining in the mixture, therefore keep stirring it properly until all the moisture in the coconut evaporates.
At this stage, stir in the cooked rice and salt and combine all the ingredients well.
Add a tablespoon of coconut oil to it to separate the grains of the rice.
Finally, add a tablespoon of coconut oil to the Thengai Sadam, to separate the grains of the rice.
Stir fry gently to combine all the ingredient taking care and ensuring that the rice does not get mashed, in the process.
Once combined, turn the heat to low and simmer for a couple of minutes.
Turn off the heat and serve the Thengai Sadam (Coconut Rice) hot with a potato roast and papad.",https://www.archanaskitchen.com/south-indian-thengai-sadam-recipe-a-quick-and-healthy-coconut-rice,"green chillies,salt,ginger,rice,mustard seeds,coconut,curry leaves,white urad dal (split),coconut oil,chana dal (bengal gram dal),peanuts (moongphali) fistful",https://www.archanaskitchen.com/images/archanaskitchen/Indian_Rice/Thengai_Sadam_Recipe_A_Quick_and_Healthy_Coconut_Rice-1_1600.jpg,11,0.933333,0.888889,0.0,9.0,1.0,1.0
 Masala Chaas Recipe," 5 mint leaves - finely chopped, 1-1 / 2 cup water - cold, 1 green chili - finely chopped Take 1/8 teaspoon black pepper powder, 1/4 teaspoon cumin powder,3/4 cup curd, asafetida - a pinch, 1/8 teaspoon black salt or rock salt, 1/8 teaspoon ginger - grated, salt - as per taste, coriander leaves - a little, 1/4 teaspoon chaat masala powder",10,Indian,"To make Masala Chas recipe, firstly add curd, cumin powder, chaat masala powder, black salt, ginger, green chillies, black pepper powder, asafoetida, salt, cold water in a bowl and blend it well with the help of blenders.
After blending, add the Chas to the gloss.
Add coriander and mint to top and mix.
(If you want, you can also grind the mint and make pulses.
Serve Masala Chas with Rajasthani Dal Baati Churma and Mirchi Chili for dinner.
You can drink it even after eating it during the day.",https://www.archanaskitchen.com/masala-chaas-recipe-indian-spiced-buttermilk-in-hindi,"salt,ginger,coriander leaves,cumin powder,black salt salt,chaat masala powder,green chillitake black pepper powder,water cold,curd,mint leaves,asafetida",https://www.archanaskitchen.com/images/archanaskitchen/Indian_Beverages/Masala_Chaas_Recipe_Indian_Spiced_Buttermilk-1_1600.jpg,11,0.930455,0.909091,0.0,11.0,0.85,1.0
Navrang dal recipe - Navrang Dal (Recipe)," 2 tablespoons White Urad Dal, 2 tablespoons Kali Urad Dal, 1 tablespoon arhar dal - soaked for 20 minutes, 1 onion - finely chopped, 1 tablespoon ginger garlic paste, 1 teaspoon Red Chilli Powder, 1 teaspoon cumin seeds, 2 Tablespoons Kabuli Chana, 1/4 Cup yellow moong dal - soaked for 20 minutes,2 tablespoons Green Moong Dal, 2 tablespoons Ghee, salt - as per taste, 1 inch Ginger - Finely chopped (for garnish), 1 tomato - finely chopped, 1 green chili - Cut, 1 Dal Sugar, 2 teaspoons Garam Masala Powder, 2 tablespoons Masoor Dal, 2 teaspoons Coriander Powder, 2 tablespoons Masoor Dal (Split), 1 Tablespoon Kasoori Methi, 2 Tablespoons Rajma",40,North Indian Recipes,"To make Navrang dal, first soak all the lentils overnight.
Soak pili moong dal and arhar dal for 20 minutes.
Put the lentils in the pressure cooker in the morning and cook till 3 years come.
After the cooker cools, mash the pour and keep it aside.
Now heat oil in a pan and add ghee to it.
After that add cinnamon, cumin and let it cook for 15 seconds.
After 15 seconds, add onion and let it cook till it turns light brown.
Now add garlic ginger paste and let it cook for 2 minutes.
After 2 minutes, add chopped tomatoes, green chilies and cook till the tomatoes soften slightly.
Now add coriander powder, red chili powder, garam masala powder and cook for 3 minutes.
After 3 minutes, add the cooked lentils, salt, water as per the usage and let it cook for 10 minutes.
After 10 minutes, add Kasuri methi to it and mix.
After 2 minutes, add ginger to it and turn off the gas.
Serve Navrang dal with gram flour and chilli vegetable and phulka for dinner.",https://www.archanaskitchen.com/navrang-dal-recipe-in-hindi,"tomato,kasoori methi,onion,white urad dal,salt,rajma,green chilli,kabuli chana,dal sugar,coriander powder,arhar dal,garam masala powder,kali urad dal,masoor dal (split),red chilli powder,green moong dal,ginger finely,ghee,ginger garlic paste,masoor dal,cumin seeds,yellow moong dal",https://www.archanaskitchen.com/images/archanaskitchen/1-Author/Nithya_Anantham/Navrang_Dal_spicy_Mixed_Lentils_Recipe.jpg,22,0.930455,0.909091,0.0,11.0,0.85,1.0
Beetroot Chutney Recipe,"2 Green Chillies,1 Beetroot - grated,Salt - to taste,1/2 cup Water,1/2 tablespoon Mustard seeds,1 tablespoon White Urad Dal (Split),1/2 tablespoon Sesame (Gingelly) Oil,1 tablespoon Chana dal (Bengal Gram Dal),1/3 cup Fresh coconut - grated,1 sprig Curry leaves,1 tablespoon Sesame (Gingelly) Oil,1 pinch Asafoetida (hing)",40,South Indian Recipes,"To begin making the Beetroot Chutney recipe, heat oil in pan.Add bengal gram and black gram, saute them till both lentils become golden in colour.
Make sure you don’t burn them.Now add asafoetida, curry leaves and saute it for a few seconds.Add grated beetroot and chopped green chillies.
Saute them for 5 to 6 minutes or till the raw aroma of beetroot goes away.Switch off the flame and add grated coconut, mix well.
Let the mixture bit cool down.Once the mixture is cooled down, add it to a grinder jar.
Add salt, some water and grind it in a smooth paste.Take the smooth paste in a bowl.
Now we will start making the tempering for chutney.Heat oil in a tadka pan.
Add mustard seeds and let them crackle.Now add curry leaves and pinch of asafoetida, mix well and switch off flame.
Pour the tempering over beetroot chutney mixture.
Mix well and Beetroot Chutney is ready to be served.Serve Beetroot Chutney along with Keerai Sambar and Steamed rice for a healthy and tasty weekday lunch or dinner.",https://www.archanaskitchen.com/beetroot-chutney-recipe,"salt,chana dal (bengal gram dal),asafoetida (hing),coconut,mustard seeds,sesame (gingelly) oil,water,curry leaves,white urad dal (split),beetroot,green chillies",https://www.archanaskitchen.com/images/archanaskitchen/1-Author/Pooja_Thakur/Beetroot_chutney.jpg,11,0.927273,0.909091,0.090909,11.0,1.0,1.0
Waffle Broth Recipe - Puppet's Yamarinta Crovy,"3 Dry Red Chillies,3 cups Water,1 cup Tamarind Water,1/4 teaspoon Mustard seeds,1/2 cup Pearl onions (Sambar Onions) - halved,Salt - as needed,Asafoetida (hing) - a pinch,1/4 teaspoon Methi Seeds (Fenugreek Seeds),1 tablespoon Gingelly oil,1 teaspoon Sambar Powder,1 tablespoon Jaggery,3 Urad dal papad - broken in to quarters,1/4 teaspoon Turmeric powder (Haldi),1 sprig Curry leaves",25,South Indian Recipes,"To begin making the Appalam Vatha Kuzhambu recipe, prepare all the ingredients and keep them ready.Heat oil in a preheated pan over medium heat.
Add mustard seeds, fenugreek seeds, curry leaves and dried red chilies.
Allow it to crackle.Add the onions and saute until the onions have softened and lightly golden.
Once the onions have softened, add the tamarind water, turmeric powder, sambar powder, jaggery and appalam.Add 3 cups of water, salt to taste and simmer the appalam vatha kuzhambu, until the kuzhambu has thickened and the appalam has soaked and cooked through as well.
The Appalam Vatha Kuzhambu will have a gravy like consistency with the starch from the appalam giving it this texture.
Adjust the consistency of the kuzhambu by adding water and also check the salt and spices and adjust to taste accordinglyServe the Appalam Vatha Kuzhambu along with hot Steamed Rice, Bean Paruppu Usili and Elai Vadam for simple and delicious weekend lunch.",https://www.archanaskitchen.com/appalam-vathal-kuzhambu-recipe-spicy-and-tangy-papad-curry,"urad dal papad,salt,tamarind water,asafoetida (hing),mustard seeds,jaggery,water,pearl onion (sambar onion),curry leaves,dry red chillies,gingelly oil,methi seeds (fenugreek seeds),turmeric powder,sambar powder",https://www.archanaskitchen.com/images/archanaskitchen/0-Archanas-Kitchen-Recipes/2020/Appalam_Vatha_Kuzhambun_recipe_-_South_Indian_Papad_ki_Sabzi_8_1600.jpg,14,0.925,0.875,0.0,8.0,1.0,1.0
Aam Panna Pani Puri Recipe,"1 teaspoon Cumin powder (Jeera),10 Mint Leaves (Pudina),Salt - to taste,1 Mango (Raw),Black Salt (Kala Namak) - to taste,1/2 teaspoon Black pepper powder,2 tablespoons Sugar,1/4 cup Green Moong Sprouts - 1/4 cup green moong sprouts,2 Potato (Aloo) - boiled,1/2 teaspoon Red Chilli powder,1 teaspoon Chaat Masala Powder,18 Pani Puris",35,North Indian Recipes,"To begin making the Aam Panna Pani Puri Recipe, we will first make the Aam Panna Pani.
In a pressure cooker, peel the raw mango and add the whole raw mango along with 1/2 cup of water and pressure cook for 4 whistles.
It has to be cooked until they become soft and tender.
Turn off the flame.
Allow the pressure to release naturally.
 Open the lid, drain the water, transfer the mangoes into a bowl and allow the mangoes to cool .
Extract the pulp from the cooked raw mango and discard the seed.
You will be left with the cooked raw mango pulp.
In the bowl with the cooked raw mango pulp, add in the mint leaves, cumin powder, black salt , black pepper powder and sugar.
Transfer this mixture into a mixer jar and grind into a smooth puree.Transfer the aam panna into a serving bowl, add 1 cup of water and mix well.
Check the taste and spices and adjust accordingly.
Chill the Aam Panna Pani in the refrigerator.For the Pani Puri filling, in a mixing bowl, mash the potatoes, add the green moong sprouts and the dry masalas- chaat masala, cumin powder and red chilli powder.
Mix well.
 Check the taste of the aloo masala and adjust salt or seasoning if required.Serve Aam Panna Pani Puri Recipe, by slightly cracking the puris on the top to make an opening, stuff the potato-sprouts filling, fill it with the Aam Panna Pani.
Serve Aam Panna Pani Puri Recipe as an appetizer along with a fun party meal of Rawal Pindi Style Chole Recipe, Bhatura , Mumbai Style Tawa Pulao Recipe with Moong Sprouts and finish of with a dessert of Double Ka Meetha Recipe With Mixed Nuts Rabri.",https://www.archanaskitchen.com/aam-panna-pani-puri-recipe,"salt,cumin powder (jeera),black salt,green moong sproutsgreen moong sprouts,potato (aloo),chaat masala powder,red chilli powder,mango,sugar,pani puris,black pepper powder,mint leaves (pudina)",https://www.archanaskitchen.com/images/archanaskitchen/1-Author/sneha-archanaskitchen.com/Aam_Panna_Pani_Puri_Recipe_.jpg,12,0.925,0.9,0.0,10.0,0.85,1.0
Bihari Shakarkand Bhujia Recipe - Spicy Sweet Potato Sabzi,"2 Sweet Potatoes - peeled and cut into thin strips,Salt - to taste,1 teaspoon Cumin seeds (Jeera),2 Green Chillies - slit into halves,1 teaspoon Turmeric powder (Haldi),1-1/2 tablespoon Mustard oil",20,North Indian Recipes,"To begin making the Bihari Shakarkand Bhujiya recipe, wash and peel sweet potatoes.And cut them into one inch long stick pieces similar to the one for finger chips.
In a non-stick wok, add mustard oil; Once the oil is hot, add cumin seeds.
Allow it to splutter.Now, add green chilies and saute it.
Stir in the chopped potatoes and turmeric powder.
Season it with salt.Reduce the flame.
Cook until the sweet potatoes are cooked completely.
Towards the end, when the sweet potatoes have almost cooked, open the lid and allow it to become crispy.At this stage you can optionally add more mustard oil and then sprinkle some more salt.
Ensure you keep stirring occasionally so the Bihari Shakarkand Bhujiya gets cooked from all the sides.Once done, turn off the heat and transfer the Bihari Shakarkand Bhujiya to serving bowl.Serve the Bihari Shakarkand Bhujiya and serve with Whole Wheat Lachha parathas and Boondi raita for a weekday meal.",https://www.archanaskitchen.com/bihari-shakarkand-bhujiya-recipe,"salt,mustard oil,cumin seeds (jeera),turmeric powder,green chillies,sweet potatoes",https://www.archanaskitchen.com/images/archanaskitchen/0-Archanas-Kitchen-Recipes/2018/Bihari_Shakarkand_Bhujia_Recipe-1.jpg,6,0.925,0.875,0.0,8.0,1.0,1.0
Aromatic Vegetable Pulao Recipe,"1 teaspoon Garam masala powder,1/4 cup Green Bell Pepper (Capsicum) - chopped,1/4 cup Potato (Aloo) - cut into small cubes,2 Cardamom (Elaichi) Pods/Seeds,1 Star anise,1 inch Cinnamon Stick (Dalchini),1 Onion - chopped,4 tablespoons Sunflower Oil,1/4 teaspoon Red Chilli powder,1/4 cup Carrots (Gajjar) - chopped,Coriander (Dhania) Leaves - a small bunch finely chopped,Mint Leaves (Pudina) - a few sprigs finely chopped,Salt - to taste,1 tablespoon Ginger Garlic Paste,2 Cloves (Laung),2 cups Rice,1/4 cup Green peas (Matar) - steamed,1 Tomato - chopped",50,Indian,"To begin making the Aromatic Vegetable Pulao recipe, wash and soak rice for at least 30 minutes.
Drain the water and keep it aside.Heat oil in a sauce pan and add onions, whole spices and cook until the onion turns golden brown.Meanwhile add 4 cups of water in a different saucepan and bring it to rolling boil.Add ginger garlic paste and tomatoes with the onions and whole spices.
Let it cook until the tomatoes are soft and mushy.Once the tomatoes are soft, add all the remaining spices and veggies and cook for a minute.
After a minute, add the hot water to the veggies.Add the soaked rice into the pan and cover it with a lid.
Let it cook till the rice is 3/4 cooked and the turn the flame to low heat.Cook it for few more minutes till the rice is almost done and it is ready to be served.Serve Aromatic Vegetable Pulao along with Burani Raita, Raw Mango Raita or any other raita of your choice.",https://www.archanaskitchen.com/aromatic-vegetable-pulao-recipe,"tomato,coriander (dhania),salt,star anise,rice,cardamom (elaichi) podsseeds,potato (aloo),red chilli powder,green peas (matar),carrot,ginger garlic paste,mint leaves (pudina),onion,cinnamon stick (dalchini),green bell pepper (capsicum),cloves (laung),garam masala powder,sunflower oil",https://www.archanaskitchen.com/images/archanaskitchen/1-Author/Nusrath_Jahan/Mix_vegetable_pulaopilaf_1600.jpg,18,0.925,0.875,0.0,8.0,1.0,1.0
Masala Karela Recipe,"1 tablespoon Red Chilli powder,3 tablespoon Gram flour (besan),2 teaspoons Cumin seeds (Jeera),1 tablespoon Coriander Powder (Dhania),2 teaspoons Turmeric powder (Haldi),Salt - to taste,1 tablespoon Amchur (Dry Mango Powder),6 Karela (Bitter Gourd/ Pavakkai) - deseeded,Sunflower Oil - as required,1 Onion - thinly sliced",45,Indian,"To begin making the Masala Karela Recipe,de-seed the karela and slice.
Do not remove the skin as the skin has all the nutrients.
Add the karela to the pressure cooker with 3 tablespoon of water, salt and turmeric powder and pressure cook for three whistles.
Release the pressure immediately and open the lids.
Keep aside.Heat oil in a heavy bottomed pan or a kadhai.
Add cumin seeds and let it sizzle.Once the cumin seeds have sizzled, add onions and saute them till it turns golden brown in color.Add the karela, red chilli powder, amchur powder, coriander powder and besan.
Stir to combine the masalas into the karela.Drizzle a little extra oil on the top and mix again.
Cover the pan and simmer Masala Karela stirring occasionally until everything comes together well.
Turn off the heat.Transfer Masala Karela into a serving bowl and serve.Serve Masala Karela along with Panchmel Dal and Phulka for a weekday meal with your family.
",https://www.archanaskitchen.com/masala-karela-recipe,"salt,amchur (dry mango powder),karela (bitter gourd pavakkai),red chilli powder,gram flour (besan),onion,cumin seeds (jeera),coriander powder,turmeric powder,sunflower oil",https://www.archanaskitchen.com/images/archanaskitchen/1-Author/Pooja_Thakur/Karela_Masala_Recipe-4_1600.jpg,10,0.925,0.9,0.0,10.0,0.85,1.0
7 Cups Burfi Recipe,"1 cup Fresh coconut - grated,1 cup Ghee - melted,1 cup Milk,1/4 cup Water,1/4 teaspoon Cardamom Powder (Elaichi),3 cups Sugar,1 cup Gram flour (besan) - Cardamom powder – 1/4th tsp",25,Indian,"To begin making 7 Cups Burfi, we have to sieve the besan and keep it aside.
Grease a plate with ghee and keep it ready for pouring the prepared burfi.
Place a pan on low heat, add the sieved besan and roast the flour for a few minutes.Turn off the heat, empty the roasted besan to a plate.
Place the same pan on low heat, add sugar and 1/4th cup water.
Stir well until the sugar melts.
Now add the rest of the ingredients - besan, milk, grated coconut, ghee to the pan.
Mix well, using a whisk to ensure that there are no lumps.
Keep stirring the mixture while cooking.As the mixture starts getting thicker, add the cardamom powder.The batter will now froth up well, will become thick and will start leaving the pan.
At this stage, turn off the heat and pour it into the greased plate and spread it.
Gently tap the plate to level it.
Pat the cake gently with the back of ladle to make it even and smooth.Let it cool for few minutes and cut it into a desired shape.Let it cool completely.
Now take out the cut pieces and store in an airtight container.7 Cups Burfi is ready to be savoured.
Serve 7 Cups Burfi as a dessert after a simple meal of Steamed Rice, Thakkali Rasam and Carrot Poriyal.
",https://www.archanaskitchen.com/7-cups-burfi-recipe,"ghee,coconut,milk,water,gram flour (besan) cardamom powder – tsp,sugar,cardamom powder (elaichi)",https://www.archanaskitchen.com/images/archanaskitchen/1-Author/anub0123-yahoo.com/7_Cups_Burfi.jpg,7,0.925,0.9,0.0,10.0,0.85,1.0
Doddapatre Soppina Chitranna Recipe (Spiced Indian Thyme Rice),"Coriander (Dhania) Leaves - a few sprigs finely chopped for garnish,1 teaspoon White Urad Dal (Split),1/2 cup Dessicated Coconut - chopped,1 tablespoon Raw Peanuts (Moongphali),Salt - to taste,1/2 teaspoon White Urad Dal (Split),1 teaspoon Mustard seeds,1-1/2 cups Cooked rice,1 teaspoon Chana dal (Bengal Gram Dal),3 Byadagi Dried Chillies,3 Guntur Dried Chillies,1/2 teaspoon Chana dal (Bengal Gram Dal),10 Indian borage (Doddapatre) - cleaned washed and separated,3/4 teaspoon Cumin seeds (Jeera),1/4 teaspoon Asafoetida (hing),2 tablespoons Sunflower Oil,1 sprig Curry leaves",50,South Indian Recipes,"To start preparing Doddapatre Soppina Chitranna (Indian Thyme Rice) Recipe, get all the ingredients handy first.Heat a teaspoon of oil in wide bottomed kadai and add urad dal, channa dal, cumin and roast them on medium flame until the dals turn golden.
Transfer the seasoning to a mixie/ food processor.Add red chillies to the kadai and roast them on low flame until the pungent odour is slightly reduced (takes about 1-2 minutes).
Add desiccated coconut and fry for a minute until the pleasant aroma rises.
Cool this and add to the mixie along with other ingredients.Fry doddapatre leaves in kadai for a minute or two till the leaves wilt.
Transfer the leaves to the mixie.Now grind all the ingredients into a smooth paste using little water.Heat oil in wide bottomed pan and add mustard, once it starts spluttering add the channa and urad dal, groundnuts, curry leaves and hing.
Fry till the dals turns golden and the groundnuts are done (the skin starts to peel).Now add the ground paste and fry for a minute.
Mix in the cooked rice, sprinkle some salt and mix until everything is well incorporated.
Doddapatre Soppina Chitranna (Indian Thyme Rice) Recipe is now ready with some chopped coriander leaves to garnish.",https://www.archanaskitchen.com/doddapatre-soppina-chirtanna-indian-thyme-rice-recipe,"salt,guntur dried chillies,coriander (dhania) leaves,indian borage (doddapatre) separated,rice,coconut,mustard seeds,asafoetida (hing),curry leaves,white urad dal (split),byadagi dried chillies,cumin seeds (jeera),peanuts (moongphali),chana dal (bengal gram dal),sunflower oil",https://www.archanaskitchen.com/images/archanaskitchen/1-Author/sindhu_bharadwaj/doddapatre-soppina-chitranna-thyme-rice.JPG,15,0.925,0.9,0.0,10.0,0.85,1.0
Baby Corn Cigar Recipe,"10 Baby corn - to be blanched,1 tablespoon Red Chilli powder - adjust accordingly,1/2 teaspoon Garlic - paste,1/2 tablespoon Extra Virgin Olive Oil,Sunflower Oil - for frying,Salt - to taste,1 Potato (Aloo) - boiled and mashed,1/2 tablespoon Ginger - paste,3 tablespoons Whole Wheat Bread crumbs - roasted,1 teaspoon Pizza seasoning,2 tablespoons Corn flour,1 tablespoon Vinegar,1 tablespoon Green Chilli Paste,1 tablespoon Coriander (Dhania) Leaves - chopped",50,North Indian Recipes,"To prepare baby corn cigar recipe, start by blanching the baby corn.
Make sure you do not overdo it.
2-3 minutes in hot water and immediate transfer to ice water will do just fine.Slit baby corn longitudinally into two.Boil the potatoes and mash them well with a masher.Take a mixing bowl, add red chili and pizza seasoning, garlic paste, salt and then the vinegar.
Mix.Drizzle olive oil and give a nice mix.
Add slit baby corn, coat them well with the prepared mixture.
Keep aside for 10 minutes.Add coated baby corn onto a heavy bottomed pan and let it cook on medium heat for 2 minutes.
Flip and cook for further 2 minutes such that garlic paste and other spices are well cooked.Remove from heat and let it cool.In another pan, add mashed potato, 1-1/2 tablespoon ginger chili paste, cornflour, coriander leaves and salt and mix them well to combine.Apply some oil to your palms such that the mixture doesn’t get too much sticky.
Take some mashed potato mixture about the size of a small lemon between your palms, roll it out cylindrically and flatten it.
Keep the blanched and split baby corn in the center and cover it completely with potato mixture.
This appears cigar-shaped at this stage.Repeat rolling out baby corn cigars similarly until you use up all baby corn and potato mixture.Keep a Kadai on medium heat and add oil for deep frying.While the oil is heated, roll cigars one by one in breadcrumbs and ensure it get coated from everywhere.
(You can also oil the cigars a bit to make the breadcrumbs stick nicely)Deep fry the baby corn cigars in batches till golden brown and place on kitchen towel to drain excess oil.These baby corn cigars goes well with dips like Cottage Cheese Dip Recipe with Pepper and Olives or Tzatziki.",https://www.archanaskitchen.com/baby-corn-cigar-recipe,"salt,corn flour,sunflower oil,coriander (dhania) leaves,potato (aloo),red chilli powder,virgin olive oil,vinegar,baby corn be,pizza,ginger paste,wheat bread crumbs,green chilli paste,garlic paste",https://www.archanaskitchen.com/images/archanaskitchen/1-Author/Pooja_Thakur/Baby_corn_cigar.jpg,14,0.925,0.9,0.0,10.0,0.85,1.0
Moong Sprouts And Sweet Potato Cutlet Recipe,"Sunflower Oil - for deep/shallow frying,1/2 teaspoon Cumin powder (Jeera),4 tablespoons Instant Oats (Oatmeal),Salt - to taste,1/2 teaspoon Garam masala powder,1 teaspoons Ginger Garlic Paste,1/4 teaspoon Amchur (Dry Mango Powder),1 cup Sweet Potato - boiled  mashed,1/4 teaspoon Turmeric powder (Haldi),1/2 cup Green Moong Sprouts,1/2 teaspoon Red Chilli powder",30,Indian,"To begin making the Moong Sprouts And Sweet Potato Cutlet Recipe, first blend together the moong sprouts in a mixer to make a coarse paste.
Do not use too much water, or it will get runny.Put the ground moong sprouts in a mixing bowl.
Add to it all the other ingredients and mix well.Set it aside for 15 minutes.Meanwhile place a kadai on the heat, add enough oil to it, depending on whether you are shallow or deep frying it.Shape the cutlet mixture into small tikki like cutlets and shallow/deep fry until golden on both sides.Serve hot along with Green Chutney and tomato ketchup for a delicious tea time snack.
",https://www.archanaskitchen.com/moong-sprouts-and-sweet-potato-cutlet-recipe,"salt,cumin powder (jeera),garam masala powder,amchur (dry mango powder),green moong sprouts,red chilli powder,ginger garlic paste,instant oats (oatmeal),turmeric powder,sweet potato,sunflower oil",https://www.archanaskitchen.com/images/archanaskitchen/1-Author/Preeti_Tamilarasan/Moong_Sprouts_Cutlet.jpg,11,0.92,0.9,0.1,10.0,1.0,1.0
Crispy Pan Fried Pomfret Recipe,"1/2 teaspoon Turmeric powder (Haldi),4 Dry Red Chillies,5 sprig Coriander (Dhania) Leaves - chopped,1 teaspoon Salt - + Extra for pomfret pieces,Tamarind - Marble size ball,1 teaspoon Fennel seeds (Saunf),1/2 Cup Sooji (Semolina/ Rava) - or breadcrumbs,3 cloves Garlic,2 tablespoons Sunflower Oil,3 Cloves (Laung),1 Inch Ginger,1 Pomfret fish - cut into 1 inch size pieces,3 Whole Black Peppercorns",25,Indian,"To begin making the Crispy Pan Fried Pomfret Recipe, wash Pomfret with water.
Drain all the water and sprinkle some salt and keep it aside for 5 minutes.In a mixer grinder, add coriander leaves, fennel seeds, whole black peppercorns, cloves, turmeric powder, dry red chillies, garlic, ginger and tamarind.Grind all the masala with about 1/3 Cup water to smooth batter for fish.
Add a teaspoon of salt into the paste and mix well.Apply this batter or paste to pomfret pieces and keep aside for marination for about 10 minutes.Heat a skillet, add oil.
Coat the marinated pomfret pieces well with semolina on both the sides.Place them over oil on the skillet.
Let them fry on medium heat for about 3 to 4 minutes.Flip to fry on the other side.
Once they are all brown and crispy, switch off the heat and remove them out on a serving plate.
Enjoy this tasty, crispy pomfret masala fry as an appetizer.Serve Crispy Pan Fried Pomfret along with Prawns Coconut Curry and Steamed Rice for a weekday meal.",https://www.archanaskitchen.com/crispy-pan-fried-pomfret-recipe,"ginger,pomfret fish,fennel seeds (saunf),salt pomfret,black peppercorns,cloves garlic,tamarind marble,coriander (dhania) leaves,dry red chillies,sooji (semolina rava) breadcrumbs,turmeric powder,cloves (laung),sunflower oil",https://www.archanaskitchen.com/images/archanaskitchen/0-Affiliate-Articles/IMG_5018.jpg,13,0.92,0.916667,0.0,12.0,0.7,1.0
Gram and Potato Dry Vegetable Recipe,"1 Green Chilli - finely chopped,1/2 teaspoon Turmeric powder (Haldi),1 cup Kabuli Chana (White Chickpeas) - boiled,4 sprig Coriander (Dhania) Leaves - finely chopped for garnish,Salt - for taste,1 teaspoon Garam masala powder,1 Tomato - finely chopped,3 Potatoes (Aloo) - boiled,1 teaspoon Red Chilli powder,1 teaspoon Cumin seeds (Jeera),1 Onion - finely chopped,1 inch Ginger - cut in juliennes (long thin strips) for garnish,1 tablespoon Sunflower Oil,1 tablespoon Ginger Garlic Paste,2 teaspoons Coriander Powder (Dhania),1 teaspoon Amchur (Dry Mango Powder)",30,North Indian Recipes,"To begin making Chana Aur Aloo Ki Sookhi Sabzi, soak the chickpea or chana over night and pressure cook the soaked chana in enough water for 3 whistles and keep aside.Similarly, wash and boil the potatoes with 1 cup water in a pressure cooker for 2 whistles; peal the skin, cut into cubes and keep aside.Heat oil in a pan on medium heat, add the cumin seeds and let it splutter.Add the finely chopped onions and saute until it turns transparent.Add the ginger and garlic paste and cook until the raw smell goes away.Add the chopped tomatoes and green chilli and saute until the tomatoes are soft and well cooked.Now add the red chilli, turmeric, coriander and garam masala powder and sauce until the spices are cooked.Add the cooked chickpeas and the boiled potato cubes, season with salt and mix well.Let this mix cook for another 10 minutes.Add the amchoor powder, give it a good mix and switch off the flame.Garnish with coriander leaves and ginger juliennes and serve the Chana Aur Aloo Ki Sookhi Subzi Recipe along with phulkas or parathas for your kids lunch box or for the weeknight dinner.",https://www.archanaskitchen.com/chana-aur-aloo-ki-sookhi-subzi-recipe,"tomato,salt,green chilli,amchur (dry mango powder),ginger juliennes ( th),red chilli powder,ginger garlic paste,kabuli chana (white chickpeas),coriander (dhania) leaves,onion,cumin seeds (jeera),coriander powder,potato (aloo),turmeric powder,garam masala powder,sunflower oil",https://www.archanaskitchen.com/images/archanaskitchen/1-Author/Nithya_Anantham/Chana_Aur_Aloo_Ki_Sookhi_Subzi_Recipe.jpg,16,0.92,0.9,0.1,10.0,1.0,1.0
Black Cherry Glazed Thandai Burfi Recipe,"500 gram Bottle gourd (lauki) - grated,1 tablespoon Cashew nuts - chopped,100 gram Sugar,120 gram Khoya (Mawa),1/2 teaspoon Cardamom Powder (Elaichi),Green food colour - a pinch (optional),1/2 cup Cherry Preserve /Jam - for glazing,1-1/2 tablespoon Ghee,1-1/2 tablespoons Thandai Masala,1 tablespoon Badam (Almond)",55,Indian,"To begin making Black Cherry Glazed Thandai Burfi Recipe, firstly heat a pan with clarified butter and add the grated bottle guard.Cook the bottle gourd for about 6-7 minutes or until it becomes soft.
Add in the required sugar and cook it until the mixture becomes dry.Once it is done, add mawa, thandai masala, chopped cashews, chopped almonds, cardamom powder and a pinch of green colour.
Make sure that you mix everything well.
(You can avoid the green colour)Meanwhile, grease an aluminium tray with ghee.
Pour this mixture in the tray and spread it evenly.Let it cool down for 3-4 hours.
After 3-4 hours, cut the pieces of your desired shape.
Spread cherry glazed spread on the burfi and garnish them with some chopped almonds.Serve Black Cherry Glazed Thandai Burfi to your friends and family as a dessert after your delicious meal of Jodhpuri Aloo, Boondi Raita, Palak Puri and Satvik Carrot Sprout Salad.
",https://www.archanaskitchen.com/black-cherry-glazed-thandai-burfi-recipe,"gram sugar,cashew nuts,gram khoya (mawa),ghee,thandai masala,cherry preserve jam glazing,green food colour,badam (almond),cardamom powder (elaichi),gram bottle gourd (lauki)",https://www.archanaskitchen.com/images/archanaskitchen/1-Author/Waagmi_Soni/Black_Cherry_Glazed_Thandai_Burfi.jpg,10,0.92,0.9,0.1,10.0,1.0,1.0
Royal Bread Gulab Jamun Recipe,"24 Whole Wheat Brown Bread,Ghee - for deep frying,1 cup Milk,150 grams Khoya (Mawa),1 cup Sugar,1/4 cup Badam (Almond) - finely chopped",40,Indian,"To begin making the Royal Bread Gulab Jamun Recipe, first combine the khoya and chopped dry fruits in a bowl and keep aside.Cut out the sides of the milk bread.Now dip each bread slice in milk and squeeze out the milk.Knead the bread slices to make a soft dough.
Knead the dough well and make small balls with the bread dough.Flatten the dough in the palm of your hands and place a small portion of the khoya and nuts mixture in the center.
Seal and cover the jamun and make small round balls.Proceed the same way with the remaining dough portions.In a saucepan, heat the sugar with 2 cups water and make a syrup of one string consistency.
Keep this aside.Heat oil or ghee for deep frying over medium heat.
Once the oil is heated, deep fry the bread jamun balls in the ghee until it turns golden brown.
Drain the excess oil and dip the Bread Jamuns in the sugar syrup.Allow the jamuns to soak well into the syrup and fluff up.
Once its absorbed the syrup and fluffed up the Bread Jamuns are ready to be served.Serve the Bread Gulab Jamun for a party at home or even for special occasions and festivals like Diwali, Holi and Raksha Bandhan.",https://www.archanaskitchen.com/royal-bread-gulab-jamun-recipe,"wheat brown bread,khoya (mawa),ghee,milk,sugar,badam (almond)",https://www.archanaskitchen.com/images/archanaskitchen/1-Author/Salma_Godil/Royal_Bread_Gulab_Jamun_Recipe-1.jpg,6,0.92,0.9,0.1,10.0,1.0,1.0
Vendakkai Poriyal Recipe (South Indian Style Okra Stir Fry Spiced With Sambar Powder),"1 sprig Curry leaves - roughly torn,Red Chilli powder - according to taste,1 teaspoon Mustard seeds,Salt - according to taste,1/2 teaspoon Asafoetida (hing),1 teaspoon Sambar Powder,500 grams Bhindi (Lady Finger/Okra) - cut into rounds",50,South Indian Recipes,"To begin making the Vendakkai Poriyal Recipe, we will be using a Wok or Kadai style pan to cook the okra.Heat a tablespoon of oil in the wok; add the mustard seeds and allow it to crackle.
Once the mustard seed crackle, add the curry leaves and the cut Vendakkai (Okra).
Sprinkle some salt and cover the pan.
Keep the heat on medium and cook the Vendakkai (Okra), until you see its getting moist and softened (partially cooked).
This will take about 4 to 5 minutes.As soon as you notice moisture on the Vendakkai (Okra) and it is partially cooked, place a large ladle in the wok and cover the wok again.
With the ladle in place and the lid slightly ajar, we are allowing the steam to escape from the wok at the same time allow the Vendakkai (Okra) to get cooked through.The reason we are keeping the lid slightly ajar, is so that we are letting some moisture escape and prevent the Vendakkai (Okra) to get mushy and gooey.Once you notice the Vendakkai (Okra) is cooked through and is soft, add the sambar powder, asafoetida and give it a stir.
Stir-fry for another 3 to 4 minutes keeping the wok open so the spices get well blended into the Vendakkai (Okra) Poriyal.Once done, check the salt and spice levels and adjust to suit your taste.Serve the Vendakkai (Okra) Poriyal along with steamed rice for lunch",https://www.archanaskitchen.com/vendakkai-poriyal-recipe-south-indian-style-okra-stir-fry-spiced-with-sambar-powder,"salt,asafoetida (hing),mustard seeds,red chilli powder,curry leaves,bhindi (lady fingerokra),sambar powder",https://www.archanaskitchen.com/images/archanaskitchen/Indian_Vegetables_Dry/Vandakkai_Curry_Recipe_South_Indian_Style_Spiced_with_Sambar_Powder-6.jpg,7,0.918333,0.888889,0.0,9.0,0.85,1.0
 Easy Creamy Chicken Curry Recipe," 8 cloves garlic - finely chopped, 1 tbsp lemon juice, 1 tbsp oil, 2 cups yogurt,500 grams chicken - with bone, 1/2 cup cream, salt - as per taste, 1 tsp black pepper powder, 1 inch ginger - finely chopped, 1 tsp Kasuri methi",42,North Indian Recipes,"To make the creamy chicken curry recipe, first of all add chicken, lemon juice, salt, yogurt and all in a bowl.
Keep it aside for 1 hour.
Now heat oil in a pan.
After the oil is hot, add ginger, garlic, light water and cook it for 3 to 4 minutes.
After 3 to 4 minutes, add chicken pieces along with the remaining marination.
Cook for 5 minutes.
Turn the chicken over and let it cook for another 5 minutes.
Cover the chicken and let it cook on low heat for 25 minutes.
After 25 minutes remove the lid from the pan and mix well.
After the chicken is cooked add cream, black pepper powder and kasoori methi to it.
Mix it all and let it boil.
After boiling, turn off the gas and serve.
Serve the Creamy Chicken Curry Recipe with Tawa Paratha, Cumin Rice and Tomato Onion Cucumber Raita for dinner.",https://www.archanaskitchen.com/easy-creamy-chicken-curry-recipe-in-hindi,"salt,ginger,kasuri methi,yogurt,cloves garlic,lemon,chicken,oil,black pepper powder",https://www.archanaskitchen.com/images/archanaskitchen/1-Author/foodcoworg-gmail.com/Easy_Creamy_Chicken_Curry.jpg,9,0.918333,0.916667,0.083333,12.0,0.85,1.0
One Pot Spicy Vegetable Pulao Recipe with Coconut Milk,"1-1/2 cups Cauliflower (gobi) - florets,1 inch Cinnamon Stick (Dalchini),Salt - to taste,2 Cardamom (Elaichi) Pods/Seeds,2 Green Chillies - slit,2 cloves Garlic - grated,10 Green beans (French Beans) - diced small,1 Ginger,2 Carrots (Gajjar) - diced small,2 Cloves (Laung),1 Bay leaf (tej patta),120 ml Coconut milk,1 teaspoon Turmeric powder (Haldi),2 tablespoons Ghee,1 cup Basmati rice - (or any other rice)",40,Indian,"To begin making the Spicy Vegetable Pulav with Coconut Milk, we will first wash the rice under water and keep it aside.Keep the coconut milk, vegetable chopped and the spices ready by the side.
We will be making the pulav in one pot and cooking it in a Pressure Cooker.
If you dont have a pressure cooker, then you can proceed with the same intructions and cook in a Sauce Pan.Pound the ginger and garlic in a pestle and mortar and keep aside.Into the pressure cooker or the sauce pan, add in the a teaspoon of oil and add in the ginger garlic paste.
Saute for a few seconds and add in the cloves, cardamom, cinnamon and bay leaf.Next add in the vegetables, green chillies, rice, turmeric powder, salt and coconut milk.
Add an additional cup of water and stir all the ingredients and cover the pressure cooker (saucepan).*Method Sauce Pan:Turn the heat to high and allow the pulao mixture to come to a boil.
Once it comes to a boil, turn the heat to low, cover the pan and simmer the rice until the pulao absorbs all the water.Once all the water is absorbed turn off the heat and allow the pulao to rest for at least 10 minutes, this will help the rice to become a little stiff and remain as grains.*Method Pressure Cooker:Turn the heat to high, place the weight on cook on high until you hear a couple of whistles.
After a couple of whistles, turn the heat to low and simmer for about 3 minutes and then turn off the heat.
 Allow the pressure to release naturally as the the rice will continue to cook in the pressure cooker.
 Once the pressure is released you can open the cooker and proceed to the next steps.Finally stir in the ghee and serve the Spicy Vetegetable Pulav hot along with a Raita or Kadhi.Serve One Pot Spicy Vegetable Pulao Recipe with Coconut Milk along with Boondi Raita and a roasted Papad for your weekend meal.",https://www.archanaskitchen.com/one-pot-spicy-vegetable-pulao-recipe-with-coconut-milk,"salt,green beans (french beans),ginger,cardamom (elaichi) podsseeds,bay leaf (tej patta),ghee,cloves garlic,carrot,cinnamon stick (dalchini),rice,cloves (laung),coconut milk,turmeric powder,green chillies,cauliflower (gobi) florets",https://www.archanaskitchen.com/images/archanaskitchen/Indian_Rice/Mixed_Vegetable_Pulav_with_Coconut_Milk_South_Indian_Style_with_Spices_and_Raita_Recipe-2.jpg,15,0.918333,0.888889,0.0,9.0,0.85,1.0
Karuveppilai Chutney Podi Recipe - Curry Leaves Chutney Podi,"1 tablespoon Black pepper powder,Salt - to taste,20 grams Tamarind,1 tablespoon Cumin seeds (Jeera),2 tablespoons Chana dal (Bengal Gram Dal),1 cup Curry leaves - (the fresher the better),1/2 teaspoon Methi Seeds (Fenugreek Seeds)",30,South Indian Recipes,"To make the Karuveppilai Chutney Podi recipe, heat oil in a pan on medium heat; roast the channa dal, black pepper, fenugreek seeds, cumin seeds.
Once well roasted, stir in the curry leaves and saute for a few seconds.Cool the chutney mixture completely and grind the Karuveppilai Chutney into a coarse powder in the food processor along with some salt.
The tamarind adds a tangy taste to the powder and tastes delicious with rice.Serve Karuveppilai Chutney Podi recipe along with hot steamed rice and sesame oil and Milagu rasam to savor this delicious chutney podi.For the Chutney to stay a little longer: Dry the leaves completely in room temperature and not under the sun.
Once dried, proceed with the similar Karuveppilai Chutney Podi Recipe above.",https://www.archanaskitchen.com/karuveppilai-chutney-recipe-a-healthy-curry-leaves-chutney,"salt,curry leaves (the er the better),methi seeds (fenugreek seeds),cumin seeds (jeera),black pepper powder,tamarind,chana dal (bengal gram dal)",https://www.archanaskitchen.com/images/archanaskitchen/Indian_Chutneys/Karuveppilai_Chutney_Recipe_A_Healthy_Curry_Leaves_Chutney-2.jpg,7,0.918333,0.916667,0.083333,12.0,0.85,1.0
Mixed Millet Khichdi Recipe,"Salt - to taste,1 teaspoon Cumin seeds (Jeera),1 tablespoon Kasuri Methi (Dried Fenugreek Leaves),1 teaspoon Red Chilli powder,1 teaspoon Ghee,1-1/2 cup Mixed millets - (mix of foxtail and kodo millet in equal parts,1 Onion - finely chopped,2 Tomatoes - chopped,1/2 teaspoon Methi Seeds (Fenugreek Seeds),1/4 teaspoon Asafoetida (hing),1 Badi (wadi) - crushed",50,North Indian Recipes,"To begin making the Mixed Millet Khichdi, first measure out one cup of mixed millets, wash it thoroughly and leave it in a colander or fine-meshed sieve to drain.In a pressure cooker, the warm the ghee in a pressure cooker on medium heat.
To it, add the asafoetida and cumin seeds and allow it to crackle for a few seconds.Once the cumin seeds crackle, add in the chopped onions and saute until they have softened and turned translucent.Once the onions have softened, add in the chopped tomatoes and cook them until soft.
At this stage, add the salt, chilli powder, turmeric powder, kasuri methi and crushed vadi.
Continue to saute for another 2-3 minutes till the masalas get well combined.Finally, add in the washed and drained millets to the cooker, saute for a minute.
Add 5 cups of water, cover the pressure cooker and cook until you hear 2 to 3 whistles.
After 2 to 3 whistles, turn the heat to low and simmer for about 3 to 4 minutes and turn off the heat.
Allow the pressure to release naturally.
Once the pressure releases, open the cooker and give the Mixed Millet Khichdi a good stir.
Check the salt and adjust to suit your taste.Serve the Mixed Millet Khichdi along with kadhi, mango rasam or even plain dahi and pickle for a comforting monsoon weeknight dinner.
",https://www.archanaskitchen.com/mixed-millet-khichdi-recipe,"tomato,salt,asafoetida (hing),ghee,red chilli powder,onion,cumin seeds (jeera),badi (wadi),methi seeds (fenugreek seeds),mixed millets (mix foxtail kodo millet equal parts,kasuri methi (dried fenugreek leaves)",https://www.archanaskitchen.com/images/archanaskitchen/1-Author/Monika_Manchanda/Mixed_Millet_Khichdi.jpg,11,0.918333,0.916667,0.083333,12.0,0.85,1.0
Kiwi Guava Spritzer Recipe,"2 Kiwi,Mint Leaves (Pudina) - for garnish,4 Guava - (pink variety) cut into cubes,1 tablespoon Ginger - grated,2 tablespoons Lemon juice,1/4 cup Sugar,3 cups Aerated water (Soda Water)",15,Indian,"To begin making Kiwi Guava Spritzer Recipe, wash and cut the guavas into cubes, likewise de-skin the kiwi cut into cubes and keep them aside.Place the guavas into a blender along with ginger and make a smooth puree out of it.
Pass it through a seive to discard the seeds and the residue.Introduce the guava pulp back into the blender, add the kiwi cubes, lemon juice, sugar, 1/2 cup water and make a smooth mix.Just before serving divide the mix in equal part into 6 tall glasses to half, and fill the rest half with the aerated water.
Garnish with mint leaves.
It is ready to be served.Serve the refreshing Kiwi Guava Spritzer Recipe, to your guests at home for a welcome drink, may be along with Crispy & Spicy Paneer Starter Recipe.",https://www.archanaskitchen.com/kiwi-guava-spritzer-recipe,"ginger,guava (pink variety),sugar,lemon,mint leaves (pudina),aerated water (soda water),kiwi",https://www.archanaskitchen.com/images/archanaskitchen/1-Author/nithya.anantham/Kiwi_Guava_Spritzer_Recipe.jpg,7,0.918333,0.888889,0.0,9.0,0.85,1.0
Badam and Khus Khus Milk Recipe,"1/4 cup Sugar - or jaggery,Cardamom Powder (Elaichi) - to taste,1/2 cup Poppy seeds - soaked overnight,Saffron strands - a few,1 cup Badam (Almond) - soaked overnight & peeled,1 Glazed Cherries - chopped,1/2 liter Milk,5 Pistachios - slivered",30,Indian,"To begin making Badam And Khus Khus Milk Recipe, soak almonds and khus khus seeds separately for 6 hours or overnight.Peel the almonds.
In a grinder, wet grind almonds with a spoon or two of water to a thick smooth paste.Also grind drained soaked khus khus or poppy seeds to a thick paste.In a saucepan, bring milk to boil, along with the almond and khus khus paste, stirring constantly to avoid burning.Add sugar and stir till dissolved.
Add cardamom powder once the milk thickens a bit and stir well till the flavour is uniform in the kheer like milk preparation.
Switch off.Let it cool.Serve Badam And Khus Khus Milk Recipe topped with pistachios, glazed cherries and soaked saffron strands either at room temperature or chilled after meals.Serve Badam And Khus Khus Milk on festivals with snacks like Poha Chivda, Makki Paneer Pakora and Sukha Bhel.
",https://www.archanaskitchen.com/badam-and-khus-khus-milk-recipe,"pistachios,milk,saffron strands,poppy seeds,badam (almond),cardamom powder (elaichi),sugar jaggery,glazed cherries",https://www.archanaskitchen.com/images/archanaskitchen/1-Author/sunshineswati08-gmail.com/Badam_Khus_khus_milk_recipe.jpg,8,0.915455,0.909091,0.0,11.0,0.7,1.0
Sweet & Spicy Totapuri Mango Chutney Recipe,"250 grams Mango (Raw) - totapuri,Salt - to taste,400 grams Jaggery - grated,2 tablespoons Cumin seeds (Jeera),2 tablespoons Kashmiri Red Chilli Powder",40,Indian,"To  begin making the Sweet & Spicy Totapuri Mango Chutney Recipe, wash and wipe Totapuri Mango.Peel the mango and roughly chop into small pieces.In a mixer-jar combine the mango, jeera, salt, Kashmiri red chilli powder and half the amount of jaggery and grind to a fine paste Add remaining amount of Jaggery and blend until a consistency of Chutney is attained.Store the Sweet & Spicy Totapuri Mango Chutney Recipe in a sterilized bottle, in a dry place.Serve this Sweet & Spicy Totapuri Mango Chutney Recipe along with Puri Recipe and Aamras Recipe for a light summer meal.
",https://www.archanaskitchen.com/sweet-spicy-totapuri-mango-chutney-recipe,"salt,kashmiri red chilli powder,jaggery,cumin seeds (jeera),mango totapuri",https://www.archanaskitchen.com/images/archanaskitchen/1-Author/Chatori_Ladki/spicy-totapuri-chutney-recipe.jpg,5,0.915455,0.909091,0.0,11.0,0.7,1.0
Recipe Wheat Phulka Yeast- Diabetic Friendly Baker's Yeast,"1/2 cup Ragi Flour (Finger Millet/ Nagli),Salt - to taste,1 cup Whole Wheat Flour,1 teaspoon Sunflower Oil,Ghee - to serve",25,Indian,"To begin making the Ragi Wheat Phulka Recipe, in a large bowl combine the ragi flour, wheat flour and salt; add a little water at a time to make firm dough.
Add a teaspoon of oil to coat the dough and knead for a few more minutes until smooth.
Divide the dough into equal portions.Cover and set the dough aside to rest for 15 minutes.
Preheat the tawa on medium high heat.Take one dough ball, flatten these balls between your palms.Toss it in the flour and roll out into thin circles of 6-7 inches in diameter.Place rolled ragi wheat phulka dough on the hot tawa.
In a few seconds you will notice that small air pockets start to form.
At this point flip the ragi phulka to the other side on the tawa.
Flip over again and cook the first side pressing lightly with a napkin.
The rolled out ragi phulka dough should begin to start puffing up.
At this stage place the Ragi wheat phulka on the direct flame, allow it to puff up.
With a help of a tong flip the ragi phulka again and cook the other side for a few more seconds.Once cooked remove the Ragi Wheat Phulka from the heat, transfer onto a plate, smear ghee generously on the ragi wheat phulka and serve.
Continue the process of rolling with the remaining portions of the ragi dough and cooking them on the tawa.
Serve this Ragi Wheat Phulka Recipe along with Horsegram Dal Recipe, Keerai Masiyal Recipe and Beetroot, Carrot & Cucumber Salad with Peanuts Recipe for a complete Diabetic Friendly meal.",https://www.archanaskitchen.com/ragi-wheat-phulka-recipe-diabetic-friendly-ragi-roti,"salt,wheat flour,ghee,ragi flour (finger millet nagli),sunflower oil",https://www.archanaskitchen.com/images/archanaskitchen/0-Archanas-Kitchen-Recipes/2019/Ragi_Wheat_Phulka_Video_Recipe_4_1600.jpg,5,0.914286,0.857143,0.0,7.0,1.0,1.0
Chicken Sholay Kebab Recipe,"2 inch Ginger,2 Green Chillies,1 teaspoon Cumin powder (Jeera),1 tablespoon Gram flour (besan),Salt - to taste,1 teaspoon Coriander Powder (Dhania),300 grams Boneless chicken - cut into chunks,3 tablespoons All Purpose Flour (Maida),1 teaspoon Sambar Powder,2 tablespoons Kashmiri Red Chilli Powder,4 sprig Curry leaves,1 tablespoon Rice flour,Sunflower Oil - as required,6 cloves Garlic",30,South Indian Recipes,"To begin making the Chicken Sholay Kebab Recipe, keep the boneless chicken cubes, washed and cleaned.
*To make the Ginger Garlic Green Chilli Paste:In a mixer jar, combine the ginger, garlic and green chilli with about 2 tablespoons of water and grind it to a smooth mixture.
*To make the batter for the Chicken Sholay Kebab:In a mixing bowl, combine the besan and rice flour along with the maida.
Into this bowl, add the kashmiri red chilli powder, salt to taste, sambar powder, coriander powder, cumin powder and ginger-garlic green chilli paste.
Add just enough water to make a thick batter of coating consistency.Meanwhile, heat oil in a deep frying pan on medium-high heat.
Once the oil is well heated, reduce the flame to medium-low.
Now dunk the boneless chicken chunks into the batter and gradually lower the well coated chicken into the hot oil.
Deep fry on medium heat, until the Chicken Sholay Kebab are crisp and deep brown in colour.
Drain the Chicken Sholay Kebab on an absorbent paper, so that it soaks up the excess oil.In the same hot kadai, fry the curry leaves until crisp and drain on an absorbent paper.Top the Chicken Sholay Kebab with the crispy fried curry leaves and serve hot.Serve Chicken Sholay Kebab as an appetizer or as part of a meal, along with Steamed Rice, and Chettinad Style Poondu Rasam Recipe for a perfect Sunday afternoon lunch.
",https://www.archanaskitchen.com/chicken-sholay-kebab-recipe,"salt,cumin powder (jeera),ginger,boneless chicken,kashmiri red chilli powder,sambar powder,flour (maida),cloves garlic,gram flour (besan),curry leaves,coriander powder,rice flour,green chillies,sunflower oil",https://www.archanaskitchen.com/images/archanaskitchen/1-Author/poojanadkarni/Chicken_Sholay_Kebab_Recipe_4_1600.jpg,14,0.914286,0.857143,0.0,7.0,1.0,1.0
Coriander Semiya Recipe - Vermicelli Pulao,"1 cup Coriander (Dhania) Leaves,3 tablespoons Fresh coconut - grated,3 Cloves (Laung),2 cloves Garlic,Salt - to taste,3 tablespoons Sunflower Oil,1/2 cup Rice Vermicelli Noodles (Thin),1 Cardamom (Elaichi) Pods/Seeds,1/2 cup Green peas (Matar) - fresh or frozen,1/2 teaspoon Garam masala powder,1/2 cup Red onion - sliced,1 Bay leaf (tej patta),1/2 cup Carrots (Gajjar) - chopped,4 Green Chillies - (depending upon how spicy you want),1 Star anise",20,South Indian Recipes,"To begin making the Coriander Semiya Recipe, soak the rice sticks in just enough hot water to cover it fully.
Keep aside for 3 to 4 minutes.
Drain and keep aside.In a blender container, blend the coriander leaves (coarsely chopped), coconut, green chilies and garlic to a fine paste.
Keep it aside.Heat oil in a heavy bottomed pan and add the dry spices (cloves, bay leaf, cardamom and star anise).
Saute till it emanates a good aroma, takes a few seconds.Add the sliced onions and fry on medium till soft and light golden brown.
Next, add in the carrots, green peas and cook till the carrots become soft.Once the carrots become soft, stir in the coconut paste and sauté on medium high, stirring often till almost dry and the spices have fried well.Add the garam masala powder, soaked and drained rice sticks and salt.
Mix everything nicey.
Keep stirring on medium heat till the coriander paste and spices have coated the vermicelli well and the mixture is heated through.Close and heat on low for about 2 minutes more.
Remove and serve hot with potato chips and a salad and boondi raita or any raitha.Serve Coriander Semiya Recipe along with Boondi Raita, Tadka Raita or any other raita of your choice.",https://www.archanaskitchen.com/coriander-semiya-recipe-vermicelli-pulao,"salt,rice vermicelli noodles (thin),garam masala powder,coconut,coriander (dhania) leaves,bay leaf (tej patta),cardamom (elaichi) podsseeds,green chillies (depending upon how spicy you want),cloves garlic,carrot,green peas (matar),red onion,cloves (laung),star anise,sunflower oil",https://www.archanaskitchen.com/images/archanaskitchen/1-Author/Curryandvanilla/Coriander_SemiaVermicelli_Pulao.jpg,15,0.914286,0.857143,0.0,7.0,1.0,1.0
Mutton KM Samos Recipe-Meat Singara,"1 teaspoon Kashmiri Red Chilli Powder,2 teaspoons Coriander (Dhania) Powder,2 tablespoons Coriander (Dhania) Leaves - finely chopped,6 Mint Leaves (Pudina) - finely chopped,1 teaspoon Cumin powder (Jeera),Salt - as required,Sunflower Oil - for deep frying,1 teaspoon Garam masala powder,1 cup All Purpose Flour (Maida),2 tablespoons Butter - chilled,Water - to knead,2 Green Chillies - finely chopped,2 cloves Garlic - finely chopped,1 Onion - finely chopped,250 grams Mutton - minced,1/2 inch Ginger - finely chopped,1/2 teaspoon Salt,1/4 teaspoon Turmeric powder (Haldi)",60,Indian,"To begin making the Mutton Keema Samosa recipe, sift flour in a mixing bowl and add chilled butter cubes and salt to taste.Combine gently with hand until the flour resembles a coarse crumbsGradually start adding water to make a firm dough.
Cover it with a cling wrap and refrigerate till you prepare the filling.The next step is to make the filling.Into a preheated pan add oil.
Once the oil is hot add the chopped onions, green chillies, ginger, garlic and saute till the onions are cooked.
Now add the minced mutton and all the spice powders like the red chilli powder, coriander powder, chili powder, turmeric powder, cumin powder, garam masala and salt to taste.Saute and add about 3 tablespoon of water.
Cover and cook till mutton is cooked.
Once done open the lids and saute on high heat till all the water in the minced mutton mixture is evaporated.
Turn off the heat and allow the filling to cool.To make Keema Samosa prepare the samosas.Pinch a large ball from the dough and roll out as thin as possible on a dusted floor.Cut the rolled dough into long 1.5 inch x 4 inch strips.Take a teaspoon of filling and place it an one end of the strip and fold inwards in triangular shape.Keep folding from one end to the other and seal the last edge by applying little water on the folds.Similarly make more samosas with rest of the dough and filling.Once done heat oil in a kadai or wok.Drop a pinch of dough to check whether the oil is hot or not.
If the dough ball rises up immediately, the oil is ready.Carefully slide 1-2 samosas in the oil and deep fry them in medium to low flame till crisp and golden.Transfer them on a kitchen towel to absorb excess oil and serve hot.Serve Mutton Keema Samosa as a snack with Dhaniya Pudina Chutney as an appetizer along with a Iftar meal of Mutton Dum Biryani, Dum Ka Murgh (Lagan Ka Murgh) Recipe, Tomato Onion Cucumber Raita Recipe and Sheer Khurma .
",https://www.archanaskitchen.com/mutton-keema-samosa-recipe,"salt,cumin powder (jeera),ginger,kashmiri red chilli powder,water knead,coriander (dhania) leaves,cloves garlic,onion,mutton,coriander (dhania) powder,mint leaves (pudina),flour (maida),turmeric powder,green chillies,butter,garam masala powder,sunflower oil",https://www.archanaskitchen.com/images/archanaskitchen/1-Author/Shaheen_Ali/MUTTON_KEEMA_SAMOSA_400.jpg,17,0.914286,0.857143,0.0,7.0,1.0,1.0
Garlic Mint Chutney Recipe,"1 teaspoon Sugar,3/4 teaspoon Lemon juice,1 tablespoon Raw Peanuts (Moongphali),Salt - to taste,1 Green Chilli - chopped,3 cloves Garlic,1 inch Ginger - roughly chopped,2 cups Mint Leaves (Pudina) - chopped",40,North Indian Recipes,"To begin making the Lehsuni Pudina Chutney, firstly keep all the ingredients ready.Next, take a mixer grinder jar and add all the ingredients in it.
Add a little water and grind it to a smooth paste.
Do not add too much water as we want a thick paste and not watery chutney.Once ready, take it out in a bowl and serve.
Serve Lehsuni Pudina Chutney along with Punjabi Aloo Paratha and Tadka Raita for a weekday dinner.",https://www.archanaskitchen.com/lehsuni-pudina-chutney-recipe,"salt,ginger,green chilli,cloves garlic,sugar,lemon,peanuts (moongphali),mint leaves (pudina)",https://www.archanaskitchen.com/images/archanaskitchen/0-Affiliate-Articles/Preethi_Kitchen_Appliances_Lahsun_Pudina_Chutney_Video_recipe-1.jpg,8,0.914286,0.857143,0.0,7.0,1.0,1.0
Chinna Vengaya Puli Kuzhambu Recipe (Spicy Tangy Baby Onion Curry),"1/2 teaspoon Mustard seeds,1 tablespoon Sambar Powder,Salt - to taste,1 cup Tamarind Water,4 Curry leaves,12 Shallots - halved,1 teaspoon Jaggery,1/4 teaspoon Methi Seeds (Fenugreek Seeds),1 tablespoon Sesame (Gingelly) Oil",50,South Indian Recipes,"To begin making Chinna Vengaya Puli Kuzhambu Recipe, heat oil in a saucepan; add mustard, fenugreek, curry leaves and allow them to crackle.
Add the onions and saute until the onions are slightly tender and browned.
Once the onions are roasted add the tamarind water, 1/2 cup of water, sambar powder and salt.
Bring the mixture to a boiling point.
Then simmer the mixture for about 15 minutes.
The Kuzhambu should be of pouring consistency, as well as should have a slight pulpiness to it.
Adjust the thickness by adding a little water if required.
But personally we like it a little pulpy.A lot of families along dissolve a teaspoon of rice flour into the water and add it as a thickening agent to the Chinna Vengaya Puli Kuzhambu.
But personally I feel that the Kuzhambu tastes delicious in its original form when it thickens naturally when simmered.Once done, turn off he heat and the Chinna Vengaya Puli Kuzhambu is ready to be served.Serve the Chinna Vengaya Puli Kuzhambu along with hot with plain rice and a vegetable.
It also be savored with rava dosa's, ragi idli's and even sometimes a slice of bread or parathas.",https://www.archanaskitchen.com/chinna-vengaya-puli-kuzhambu-recipe,"salt,tamarind water,mustard seeds,jaggery,sesame (gingelly) oil,curry leaves,methi seeds (fenugreek seeds),sambar powder",https://www.archanaskitchen.com/images/archanaskitchen/Indian_Dal_Khadi_Curry/Vengayam_Puli_Kuzhambu_Recipe_Small_Onion_Tangy_Spicy_Curry-3.jpg,8,0.91,0.875,0.0,8.0,0.85,1.0
Badam Milk Recipe - Almond Milk,"2 Cardamom (Elaichi) Pods/Seeds - crushed,1 cup Sugar,1 cup Almond Milk (Badam Milk) - soaked,1 teaspoon Saffron strands,1 liter Milk",35,Indian,"To begin making the Badam Milk recipe, remove the skin of the soaked almonds and slice the almonds or grind them into a paste.In a large pan, add the milk and bring to a boil.When it comes to boil, add almonds, cardamom, sugar and saffron and cook till the milk is slightly thickened.Serve warm or serve chilled, it tastes fantastic in both ways.
Serve Badam Milk during breakfast or in the evenings along with Aloo Poha to your kids and family members.",https://www.archanaskitchen.com/badam-milk-almond-milk-recipe,"cardamom (elaichi) podsseeds,almond milk (badam milk,milk,saffron strands,sugar",https://www.archanaskitchen.com/images/archanaskitchen/1-Author/Fareeha/Badam_Milk.jpg,5,0.91,0.9,0.0,10.0,0.7,1.0
Stuffed Onion Vegetable Recipe - Bharwa Pyaz Ki Sabzi Recipe," 1 tsp coriander powder,20 small onions, 1 tsp turmeric powder, 6 cloves garlic - finely chopped, 1 tsp red chili powder, 1 tsp mango powder, salt - as per taste, 1 inch ginger - finely chopped, 2 Sprig coriander - finely chopped",25,North Indian Recipes,"To make the Bharwa Onion Vegetable Recipe, first make two cuts on the top of the onion.
Take care not to cut it completely.
In a mixing bowl, add red chili powder, turmeric powder, mango powder, coriander powder, salt and mix.
Add a little water to it and make a paste.
With the help of your hand, fill this spice inside the onion.
Keep the remaining paste separately.
Now heat oil in a pan.
Add ginger, garlic and cook for 30 seconds.
After 30 seconds, add the filled onions, remaining paste and mix it.
Now take hot water in a bowl and put tamarind in it.
After 3 to 4 minutes, remove the tamarind and put the tamarind water in the onion.
Cover the pan and cook till the onion becomes soft.
Between the bitches After cooking, garnish with green coriander and serve.
Serve the Bharwa Onion Vegetable Recipe along with Punchmel Dal, Bundi Raita and Phulka for dinner.",https://www.archanaskitchen.com/bharwa-pyaz-ki-sabzi-recipe-in-hindi,"turmeric powder,salt,ginger,coriander,red chilli powder,cloves garlic,onion,coriander powder,mango powder",https://www.archanaskitchen.com/images/archanaskitchen/1-Author/Curryandvanilla/Bharwa_Pyaaz_Ki_Sabzi_Recipe-1_1600.jpg,9,0.91,0.875,0.0,8.0,0.85,1.0
Soya Chunks Pepper Curry Recipe,"1 Green Bell Pepper (Capsicum) - cubed,2 cups Soy Chunks (Nuggets),12 Pearl onions (Sambar Onions) - peeled and halved,1 teaspoon Red Chilli powder,3 Green Chillies - slit into halves,Salt - as needed,1-1/2 teaspoon Coriander Powder (Dhania),1 tablespoon Sunflower Oil,7 Curry leaves,2 Tomato - chopped,1 teaspoon Sambar Powder,3 cups Water,1/2 teaspoon Cumin seeds (Jeera),6 cloves Garlic",30,Indian,"To begin making the Soya Chunks Pepper Curry recipe, bring water to boil in a small saucepan.Remove the water from the flame and add soya chunks.
Keep it aside for about 10 minutes.Drain the water from the soya chunks and squeeze out the water from the soya chunks.In a Kadai, add oil and heat it over medium flame.
Once the oil is hot, add garlic cloves and curry leaves.
Fry it for a minute.Now, add green chilies and fry for a minute.
Slide the chopped onions and cook until they become translucent.Add chopped tomatoes and cook until they become mushy.
Add the spices and cook them for few minutes.Add soya chunks and capsicum pieces to the mixture and combine them well.Add water and cook them until they are cooked completely.
Simmer the curry and cook until the required consistency.Season it with required salt and switch off the flame.
Serve hot.Serve Soya Chunks Pepper Curry along with Tomato Onion Cucumber Raita and Tawa Parathas for a weekday lunch or dinner.",https://www.archanaskitchen.com/soya-chunks-pepper-curry-recipe,"tomato,salt,sambar powder,red chilli powder,cloves garlic,water,curry leaves,pearl onion (sambar onion),green bell pepper (capsicum),cumin seeds (jeera),soy (nuggets),coriander powder,green chillies,sunflower oil",https://www.archanaskitchen.com/images/archanaskitchen/1-Author/KarthikaKrishnan/SoyaChunks_Pepper_Curry.jpg,14,0.91,0.875,0.0,8.0,0.85,1.0
Carrot Tadka Raita Recipe- Crunchy Grated Carrot In Yogurt,"1/2 teaspoon Cumin powder (Jeera),2 Carrots (Gajjar) - grated,1 Green Chilli - finely chopped,2 cups Curd (Dahi / Yogurt),Salt - to taste,1/2 teaspoon Sunflower Oil,1 tablespoon Mint Leaves (Pudina),1/2 teaspoon Black Salt (Kala Namak),3 cloves Garlic - finely chopped,1 tablespoon Coriander (Dhania) Leaves,1/2 teaspoon Cumin seeds (Jeera),1 pinch Asafoetida (hing)",15,Indian,"To begin making the Carrot Tadka Raita Recipe, in a mixing bowl, combine yogurt, black salt, cumin powder, salt to taste and whisk well until smooth.Once done add coriander leaves, mint leaves, green chillies and grated carrots to the whisked curd.
Mix well to combine and keep it aside.To make the tadka, heat oil in a pan on medium heat, add the cumin seeds, asafoetida and chopped garlic, and saute until the garlic is golden brown in colour.
Turn off the heat once done.Pour the tadka over the carrot raita and serve chilled.
Serve Carrot Tadka Raita along with Stuffed Mooli Paratha Recipe or Baby Corn and Tomato Mixed Rice.
",https://www.archanaskitchen.com/tadka-raita-recipe-spiced-curd-with-onions,"salt,black salt,cumin powder (jeera),green chilli,coriander (dhania) leaves,asafoetida (hing),cloves garlic,carrot,curd,cumin seeds (jeera),mint leaves (pudina),sunflower oil",https://www.archanaskitchen.com/images/archanaskitchen/0-Archanas-Kitchen-Recipes/2019/Carrot_Tadka_Raita_Video_recipe_2_1600.jpg,12,0.91,0.875,0.0,8.0,0.85,1.0
Egg Korma Recipe,"1 tablespoon Red Chilli powder,2-3 Green Chilli - chopped,1/2 teaspoon Turmeric powder (Haldi),1 tablespoon Coriander Powder (Dhania),Salt - to taste,1 tablespoon Cumin seeds (Jeera),2 Onions - chopped,1/2 tablespoon Garam masala powder,Coriander (Dhania) Leaves - small bunch,2 Tomatoes - chopped,1 tablespoon Ginger Garlic Paste,1/2 cup Coconut milk,2 tablespoon Sunflower Oil,4 Whole Eggs - hard boiled",30,Indian,"To begin making Egg Korma Recipe, hard boil the eggs firstly.
Keep all the ingredients ready.Heat oil in a pan, once the oil is hot, on low medium heat, add cumin seeds, and let them splutter.Once they splutter, add chopped onion and green chillies and saute on medium heat until onions are light brown in colour and starting to caramelize.Immediately add ginger garlic paste and saute on low medium heat until the raw aroma of ginger and garlic goes away.Now add the chopped tomatoes and saute till the tomatoes become soft and get cooked properly.Turn off the flame and let the mixture cool down a bit.Grind it to a corse paste in a mixer grinder.Heat same pan again, and add the ground paste in it.Add red chilli powder, turmeric powder, coriander powder, cumin powder, garam masala and salt to taste.Mix well and add about half cup water and bring the mixture to a boil.Add coconut milk to the mixture and let it cook for 5 minutes on medium heat.Now add boiled eggs and cook for 2 minutes more.Egg korma is ready,garnish it with chopped coriander and serve hot.Serve Egg Korma Recipe in lunch or dinner with Butter Naan Recipe or Methi Lachha Paratha Recipe and another side dish like Fansi Muthia Nu Shaak Recipe.",https://www.archanaskitchen.com/egg-korma-recipe,"tomato,coconut milk,salt,coriander (dhania),green chilli,red chilli powder,ginger garlic paste,onion,cumin seeds (jeera),coriander powder,eggs,turmeric powder,garam masala powder,sunflower oil",https://www.archanaskitchen.com/images/archanaskitchen/1-Author/pooja/Egg_Korma_1600.jpg,14,0.91,0.9,0.0,10.0,0.7,1.0
Dalia Pakora Recipe - Dalia Pakora Recipe,"1 Green Chilli - finely chopped,1/2 teaspoon Turmeric powder (Haldi),1 teaspoon Enos fruit salt,Salt - to taste,1/2 teaspoon Sunflower Oil,Sunflower Oil - as required to fry the pakoras,1 cup Broken Wheat (Dalia/ Godumai Rava),1/4 cup Coriander (Dhania) Leaves - finely chopped,1 Onion - finely chopped,1 tablespoon Sunflower Oil,1/2 teaspoon Ajwain (Carom seeds),Water - as required to make a thick pakora batter,1/3 cup Gram flour (besan),1/2 teaspoon Cumin seeds (Jeera)",25,Indian,"To make Oatmeal Pakora Recipe, we will first cook Dalia.
Wash the panel and keep it aside.
In a pressure cooker, add 2 cups of water, a little salt, oil, Dalia and mix.
Close the pressure cooker and cook until 4 to 5 come to the city.
Turn off the gas and let the pressure drain automatically.
Open the cooker and if there is still water left then keep stirring on high heat and cook until all the water is gone.
Take out the cooked pak in a large bowl and keep it aside to cool.
After cooling, add gram flour, onion, coriander, green chillies, salt, turmeric powder, cumin, celery, oil, water and make a thick batter.
Add ino fruit salt to it and mix.
Now heat a paniyaram pan.
Add oil to each cavity and after the oil is heated add a little oatmeal batter.
Cook until golden brown and crisp from all sides.
Serve.
You can also fry these pakodas in a pan.
Serve the dalia pakora recipe with coriander mint chutney and tamarind chutney.
You can also serve a hot cup of masala tea with it.",https://www.archanaskitchen.com/dalia-pakora-recipe-broken-wheat-pakora-in-hindi,"salt,wheat (dalia godumai rava),water make pakora batter,enos fruit salt,green chilli,coriander (dhania) leaves,ajwain (carom seeds),sunflower oil the pakoras,gram flour (besan),onion,cumin seeds (jeera),turmeric powder,sunflower oil",https://www.archanaskitchen.com/images/archanaskitchen/1-Author/nithya.anantham/Dalia_Pakora_Broken_Wheat_Pakora_Recipe-4_1600.jpg,13,0.91,0.9,0.0,10.0,0.7,1.0
Kothamalli Thovayal Recipe (Dry Coriander Leaves Chutney),"15 sprig Coriander (Dhania) Leaves,1/4 cup White Urad Dal (Split),Salt - to taste,1/2 teaspoon Sunflower Oil,20 grams Tamarind,Asafoetida (hing) - A pinch,2 tablespoons Fresh coconut - grated (optional),5 Dry Red Chillies",15,South Indian Recipes,"To begin making Kothamalli Thovayal Recipe, heat oil in a pan and roast the split urad dal till golden brown and keep aside.In the same pan, add the died red chillies and roast.
Keep this aside.Add the roughly chopped coriander leaves to the pan and saute until it just get wilted and switch off the flame.Once cool, grind all the roasted ingredients together along with salt, tamarind, asafoetida and coconut to a coarse consistency.Serve the Kothamalli Thovayal Recipe along with Steamed Rice, Tomato Rasam and Elai Vadam for a simple weeknight dinner.",https://www.archanaskitchen.com/kothamalli-thovayal-recipe-dry-coriander-leaves-chutney,"salt,asafoetida (hing),coconut,coriander (dhania) leaves,dry red chillies,white urad dal (split),tamarind,sunflower oil",https://www.archanaskitchen.com/images/archanaskitchen/1-Author/nithya.anantham/Kothamalli_Thovayal_Recipe_Dry_Coriander_Leaves_Chutney.jpg,8,0.91,0.875,0.0,8.0,0.85,1.0
Mirchi Pakodi Recipe,"Ajwain (Carom seeds) - a pinch,6 Green Chillies - Big ones,Water - as required,Lemon - as required,Turmeric powder (Haldi) - a pinch,1/4 teaspoon Fennel seeds (Saunf),Salt - to taste,1/4 teaspoon Ajwain (Carom seeds),Coriander (Dhania) Leaves - finely chopped,2 tablespoons Jaggery,1/4 teaspoon Red Chilli powder,Peanuts - masala,Chaat Masala Powder - as required,3 tablespoons Gram flour (besan) - Roasted,2 tablespoons Tamarind Paste,1/2 teaspoon Baking soda,Onion - finely chopped,1-1/2 cup Gram flour (besan)",40,Indian,"To begin making the Mirchi Pakodi Recipe, firstly we will mix the tamarind paste and jaggery in a bowl.Make a slit in the green chillies and takes the seeds out, so that we can stuff the masala inside the green chillies.Now in the tamarind and jaggery mixture, add in the ajwain seeds, fennel seeds, gram flour, red chilli powder and salt.
Mix everything well.
Stuff this mixture into the green chillies one by one and keep it aside.
To make the Gram flour batter, add gram flour, baking soda, turmeric powder, ajwain and water.
Mix everything to create a thin batter.
Make sure it should not be too watery and it should be thick enough to coat the green chillies.Meanwhile, heat the required oil in a heavy bottomed pan.
Dip the stuffed chillies into the batter and add it to the hot oil.
Fry them till it becomes golden brown.Once done, take them out and let them cool down a bit.
Cut into half and add to the serving bowl.Garnish the Bajjis with Onions, Peanuts, Coriander Leaves, Lemon Juice and Chaat Masala Powder and it is ready to be served.
",https://www.archanaskitchen.com/mirchi-pakodi-recipe,"peanuts masala,salt,coriander (dhania) leaves,fennel seeds (saunf),ajwain (carom seeds),jaggery,red chilli powder,water,chaat masala powder,gram flour (besan),baking soda,onion,lemon,tamarind paste,turmeric powder,green chillies",https://www.archanaskitchen.com/images/archanaskitchen/1-Author/Dhara_joshi/mirchi_pakode.jpg,16,0.91,0.875,0.0,8.0,0.85,1.0
Masaledar Moongphali Til Wale Aloo Recipe,"1 teaspoon Cumin powder (Jeera),1 inch Ginger - chopped,Salt - to taste,1-1/2 tablespoons Sunflower Oil,1 teaspoon Cumin seeds (Jeera),1 teaspoon Garam masala powder,4 cloves Garlic - finely chopped,1 teaspoon Red Chilli powder,1 tablespoon Mint Leaves (Pudina) - chopped,15 Baby Potatoes,2 teaspoons Sesame seeds (Til seeds),2 teaspoons Lemon juice,3 tablespoons Raw Peanuts (Moongphali),1 Green Chillies - slit,1 teaspoon Chaat Masala Powder,1 tablespoon Coriander (Dhania) Leaves - chopped",20,North Indian Recipes,"To begin making the Masaledar Moongphali Tilwale Aloo Recipe, wash the baby potatoes and pressure cook them for 1 whistle and release the pressure.
Drain and set aside.In a pan, heat oil on medium heat, add the cumin seeds, green chillies and ginger.
When the seeds begin to change colour, add the garlic paste and sauté for two or three minutes.Now add the peanuts and boiled potatoes along with the skin and pan fry till the peanuts and potatoes are well roasted.
Once the potatoes get a nice crispy skin, add the sesame seeds, cumin powder, chilli powder, garam masala powder and salt.
Continue to cook for five minutes, tossing continuously.
Finally stir in the lemon juice, coriander and mint leaves and turn off the heat.Your Masaledar Moongphali Tilwale Aloo is ready to be served.Serve this Masaledar Moongphali Tilwale Aloo, with Dal Banjara Recipe (Langar Wali Dal) and Pudina Tawa Paratha Recipe (Mint Leaf Skillet Flat Bread) for a weekday meal.",https://www.archanaskitchen.com/masaledar-moongphali-til-wale-aloo-recipe,"salt,green chillies,ginger,cumin powder (jeera),coriander (dhania) leaves,chaat masala powder,red chilli powder,cloves garlic,cumin seeds (jeera),peanuts (moongphali),baby potatoes,lemon,mint leaves (pudina),sesame seeds (til seeds),garam masala powder,sunflower oil",https://www.archanaskitchen.com/images/Khatte_Moongphali_Aloo_Masala_Recipe_Spicy_And_Tangy_Peanut_And_Potato_Roast-1_1600.jpg,16,0.905,0.9,0.1,10.0,0.85,1.0
Gulab Jamun Recipe With Khoya,"Milk - or water to knead (if needed),200 grams Khoya (Mawa),1 teaspoon Rose Essence,3 tablespoons All Purpose Flour (Maida),1 teaspoon Cardamom Powder (Elaichi),1 tablespoon Ghee,1/4 teaspoon Cooking soda,2 cups Water,2 cups Sugar",55,Indian,"To begin making the Gulab Jamun Recipe with Khoya, take mawa and mix with maida, cooking soda and ghee in a bowl.Knead everything and add milk / water if needed 1 teaspoon at a time to combine them together to form a firm dough.Knead to a smooth gulab jamun dough and keep it covered for about 10 minutes.Meanwhile, prepare sugar syrup by combining sugar and water in a pan.
Heat on low-medium heat.
Cook till it reaches half string consistency and turn off the heat.
Add cardamom powder and few drops of rose essence.
Keep it covered.Take the resting dough and roll the gulab jamun dough into very small balls without any cracks.Heat oil or ghee for deep frying in a pan or Kadai on medium heat.Once the oil/ghee is heated, drop 4-5 balls at a time and cook till it turns golden brown on all sides.
Ensure you cook on low to medium heat so the gulab jamuns get cooked from the inside as well.Once done, remove the gulab jamuns carefully and drop them in sugar syrup and allow it to soak in the syrup.
The Gulab Jamuns will fluff up and almost double in size.Similarly proceed with the remaining khoya jamun balls, fry them and let them soak in syrup for 30 minutes or more if needed and serve.Serve Gulab Jamun Recipe With Khoya after a party meal of Lehsuni Methi Paneer , Whole Wheat Naan  or Methi Matar Pulao and Tomato Onion Cucumber Raita Recipe.
",https://www.archanaskitchen.com/gulab-jamun-recipe-with-khoya,"khoya (mawa),ghee,water,rose essence,soda,sugar,cardamom powder (elaichi),flour (maida),milk water knead (if needed)",https://www.archanaskitchen.com/images/archanaskitchen/1-Author/Preeti_Tamilarasan/Gulab_Jamun_Recipe_with_Khoya-1.jpg,9,0.905,0.9,0.1,10.0,0.85,1.0
Elephant Yam Raita (Recipe In Hindi)," 1/2 green chilli, 1-1 / 2 teaspoon Rye, asafetida - a pinch,250 grams Elephant yam, salt - as per taste, 3 tablespoons coriander - chopped, 1 inch ginger, 1 cup curd, 1 teaspoon oil, 1-1 / 2 teaspoon Kali Urad Dal (Split)",40,Indian,"To make Senai Pachadi, first peel and cut the yam into small pieces.
Now in a pressure cooker add water, yam as per use and cook till 3 cities come.
With the pressure coming out automatically, take out the yam separately.
Also keep the remaining water separately.
Now add green coriander, green chillies, ginger and yam in a mixer grinder.
Grind.
Now heat oil in a tempering pan.
Add the ingredients given for tempering and cook it for 30 seconds.
In a bowl, add yam mixture, curd and remaining water and mix.
Add tempering to it and mix once more.
Serve.
Serve senai pachdi with mixed vegetable sambar, beetroot thoran and rice for dinner.",https://www.archanaskitchen.com/senai-pachadi-recipe-elephant-yam-raita-in-hindi,"salt,rye,ginger,green chilli,kali urad dal (split),coriander,elephant yam,curd,oil,asafetida",https://www.archanaskitchen.com/images/archanaskitchen/1-Author/Neeru_Srikanth/Senai_Pachadi.jpg,10,0.905,0.9,0.1,10.0,0.85,1.0
Ragi Semiya Upma Recipe - Ragi Millet Vermicelli Breakfast,"1 Onion - sliced,1 teaspoon White Urad Dal (Split),2 Green Chillies,Salt - to taste,1 teaspoon Lemon juice,1 teaspoon Ghee,1 teaspoon Mustard seeds,1/3 cup Green peas (Matar),1/4 teaspoon Asafoetida (hing),1/2 cup Carrots (Gajjar) - chopped,1 sprig Curry leaves,1-1/2 cups Rice Vermicelli Noodles (Thin)",50,South Indian Recipes,"To begin making the Ragi Vermicelli Recipe, first steam the ragi vermicelli in a rice cooker or a steamer for about 5-6 minutes or till it is cooked but firm.Keep aside this aside till later use.
You can add a few drops of oil and mix it so that they don't stick to each other.Place a kadai on the heat, add the ghee or oil to it and when warm add hing and allow it to sizzle for 30 seconds.
Then follow it up with mustard seeds, urad dal and curry leaves, and allow them to crackle.Saute for 1 minute or so till the urad dal is slightly browned.Then, add onions and fry till translucent and soft.Next, add the green chillies along with par boiled carrots and peas.
Sprinkle some salt and cook for 2-3 minutes or until the vegetables are semi cooked.Then, add the steamed ragi vermicelli toss it together so the vegetables are all well combined.Switch off the heat, take the vermicelli out into a serving dish and to with lemon juice.
Mix well and serve along with Coconut Chutney and a hot cup of coffee or tea for a wholesome breakfast.",https://www.archanaskitchen.com/ragi-vermicelli-semiya-recipe-healthy-finger-millet-semiya-breakfast,"salt,rice vermicelli noodles (thin),asafoetida (hing),mustard seeds,ghee,green peas (matar),carrot,curry leaves,white urad dal (split),onion,lemon,green chillies",https://www.archanaskitchen.com/images/archanaskitchen/1-Author/Monika_Manchanda/Ragi_vermicilli.jpg,12,0.903333,0.916667,0.083333,12.0,0.7,1.0
Dal Palak Recipe With Moong & Masoor Dal,"1/2 cup Masoor Dal (Whole),1/2 teaspoon Cumin powder (Jeera),Salt - to taste,1 Tomato - finely chopped,1 inch Ginger - grated,1/2 teaspoon Garam masala powder,250 grams Spinach Leaves (Palak) - chopped and steamed,1/2 cup Yellow Moong Dal (Split),1 tablespoon Ghee,2 Dry Red Chillies,1 teaspoon Turmeric powder (Haldi),1/2 teaspoon Cumin seeds (Jeera)",55,North Indian Recipes,"To begin making the Dal Palak recipe we will first cook the lentils (dal) using a pressure cooker using 3 cups of water.
See video recipe of how to cook lentils using pressure cooker.Next we will cook the spinach with the spices.
There are two ways you can do it - in a sauce pan by sauteeing it or in a pressure cooker.Below you will find the recipe of how you cook the spinach in a pressure cooker, as the method is really fast.
If you are using a saucepan method, then follow the same procedure, but just cover the pan and cook until the spinach is soft.Into a pressure cooker, add a teaspoon of oil; add the ginger, green chillies, tomatoes, turmeric powder, cumin powder, garam masala powder, salt and spinach.
Stir all the ingredients together just to combine them.
Once combined, cover the pressure cooker, place the weight on.
Pressure cook until you hear one whistle.
After the first whistle, turn off the heat.
We will now place the pressure cooker under cold running water to release the pressure immediately.
This way, we will release the pressure quickly and the spinach does not get over-cooked and remain fresh and green.Now that you have the spinach and lentils ready, if your cooker is large enough, add the cooked dal into the spinach and give it a stir.
Bring the Dal Palak to a quick boil.
Our next step is to proceed to make the seasoning.
Into a small saucepan, heat a tablespoon of ghee.
Add in the cumin seeds and dry red chillies.
Roast them until they crackle and sizzle.Add this seasoning to the Dal Palak and give it a stir.
Serve the Dal Palak for a simple and healthy weeknight dinner along with steamed rice or Paneer Pulav or traditional Tawa Parathas.
Also, do make sure to slice up some onions, squeeze in some lemon and toss it along with salt and serve it with the Dal Palak.
The combination is delicious.",https://www.archanaskitchen.com/dal-palak-recipe-spinach-and-lentil-curry,"tomato,salt,yellow moong dal (split),ginger,cumin powder (jeera),ghee,masoor dal,dry red chillies,cumin seeds (jeera),turmeric powder,spinach leaves (palak),garam masala powder",https://www.archanaskitchen.com/images/archanaskitchen/Indian_Dal_Khadi_Curry/Dal_Palak_Recipe_Healthy_Spinach_Lentil_Curry-2.jpg,12,0.9,0.833333,0.0,12.0,1.0,1.0
Tawa Mushroom Recipe,"1 teaspoon Cumin powder (Jeera),3 sprig Coriander (Dhania) Leaves - chopped,1 inch Ginger - chopped,1 teaspoon Garam masala powder,Salt - to taste,1 Tomato - finely chopped,1 teaspoon Red Chilli powder,1 Onion - finely chopped,500 grams Button mushrooms,1 Green Chilli - slit,1 teaspoon Pav bhaji masala,1/4 teaspoon Turmeric powder (Haldi),4 cloves Garlic - chopped,Sunflower Oil,2 teaspoons Coriander Powder (Dhania),1 teaspoon Amchur (Dry Mango Powder)",40,North Indian Recipes,"To begin making the Tawa Mushroom Recipe, heat a kadai with oil.
Add ginger and garlic, allow it to soften.
Once done, add chopped onions and cook till they turn translucent.Add chopped tomatoes and sprinkle with little salt so that the tomatoes become mushy and soft.At this point you can add all the spice powders including red chilli powder, turmeric powder, coriander powder, cumin powder, and saute well.
Add chopped mushrooms and cook until the water is all evaporated.
Check for salt and add if required.Cook until the mixture becomes semi dry.
At the end add chopped coriander leaves and mix well.Serve the Mushroom Do Pyaza Recipe along with Tawa Paratha and Panchmel Dal or Phulka, Curd Rice to make it a complete meal.
",https://www.archanaskitchen.com/tawa-mushroom-recipe,"tomato,pav bhaji masala,cumin powder (jeera),ginger,salt,green chilli,coriander powder,amchur (dry mango powder),red chilli powder,cloves garlic,coriander (dhania) leaves,onion,button mushrooms,turmeric powder,garam masala powder,sunflower oil",https://www.archanaskitchen.com/images/archanaskitchen/1-Author/sibyl_sunitha/Tawa_Mushroom_Recipe_.jpg,16,0.9,0.833333,0.0,6.0,1.0,1.0
Sweet & Spicy Ripe Mango Curry Recipe,"1 tablespoon Tamarind Paste,3 Dry Red Chillies,1 teaspoon Garam masala powder,Salt - to taste,1 teaspoon Cumin seeds (Jeera),1 teaspoon Red Chilli powder,1 teaspoon Mustard seeds,1 teaspoon Coriander Powder (Dhania),3 Mango (Ripe) - peeled and diced,1 teaspoon Fennel seeds (Saunf),1 tablespoon Sunflower Oil,1/4 teaspoon Asafoetida (hing),1 teaspoon Methi Seeds (Fenugreek Seeds),1 teaspoon Turmeric powder (Haldi)",55,Indian,"To begin with the Sweet & Spicy Ripe Mango Curry Recipe, firstly peel the mangoes.
Heat oil in a wide pan over medium heat.
Add all the mustard, cumin, methi and fennel seeds and let them crackle.
Add whole chillies and add rest of the masalas.Next, add the peeled Mangoes.
Sauté on low heat for two minutes.
This way mangoes will absorb the flavours of all the masala.Now, add 2 cups of water and the tamarind paste.
Cover the pan and let the Sweet & Spicy Ripe Mango Curry to cook on low heat for about half an hour.
The flavors will seep in beautifully.Switch off the flame and check the salt and spices and adjust accordingly.Serve the Sweet & Spicy Ripe Mango Curry Recipe with steamed rice for a delicious lunch or dinner.
",https://www.archanaskitchen.com/mango-curry-recipe,"salt,mustard seeds,mango (ripe),fennel seeds (saunf),asafoetida (hing),red chilli powder,dry red chillies,methi seeds (fenugreek seeds),cumin seeds (jeera),tamarind paste,coriander powder,turmeric powder,garam masala powder,sunflower oil",https://www.archanaskitchen.com/images/archanaskitchen/1-Author/Shalu_Jain/Mango_Curry.jpg,14,0.9,0.833333,0.0,12.0,1.0,1.0
Carrot Semolina Phirni Recipe,"2 Carrots (Gajjar) - grated,5 tablespoons Sugar,5 Saffron strands,500 ml Milk,1/2 teaspoon Cardamom Powder (Elaichi),2 tablespoons Ghee,10 Badam (Almond) - blanched,1/2 cup Sooji (Semolina/ Rava)",40,North Indian Recipes,"To begin making the Carrot Semolina Phirni Recipe, we will first saute the grated carrots with a tablespoon of ghee on to a sauce pan.
Saute them for just 5 minutes.Heat milk over sauce pan, add sugar allow it to boil.
After it has reached the boiling stage, add the grated carrot, cardamom powder, saffron strands and boil it again for another 10 minutes.At the end add semolina and stir well so that there are no lumps formed.
 Once it thickens switch of the heat.
Keep it aside.Heat a small sauce pan, add the remaining ghee, once it starts to melt add the silvered almonds and toast them for 10 seconds and pour it over the phirni and serve.Serve the Carrot Semolina Phirni Recipe after a nice meal of dum biryani and gola kabab for your Sunday lunch.
",https://www.archanaskitchen.com/carrot-semolina-phirni-recipe,"ghee,milk,saffron strands,carrot,sugar,badam (almond),cardamom powder (elaichi),sooji (semolina rava)",https://www.archanaskitchen.com/images/archanaskitchen/1-Author/sibyl_sunitha/Carrot_Semolina_Phirni_Recipe_.jpg,8,0.9,0.833333,0.0,12.0,1.0,1.0
Karamani Sundal Recipe - Spicy Tossed Black Eyed Beans Recipe),"1/2 teaspoon Turmeric powder (Haldi),1/4 cup Fresh coconut,3 sprig Coriander (Dhania) Leaves - finely chopped,1-1/2 cups Black Eyed Beans (Lobia) - soaked,1/4 teaspoon Mustard seeds,2 Green Chillies - finely chopped,2 sprig Curry leaves - finely chopped,2 inch Ginger - finely chopped,2 Dry Red Chilli - Salt to taste,1 teaspoon Coconut Oil,1/4 teaspoon Asafoetida (hing),1/2 teaspoon Cumin seeds (Jeera),4 or 5 Curry leaves - Juice from 1/2 lemon",30,South Indian Recipes,"To begin making Karamani Sundal Recipe - Spicy Tossed Black Eyed Beans Recipe soak the black eyed beans for at least for 3 hours.Into a pressure cooker, add the soaked black eyed beans,  salt to taste and add about 2 cups of water (including the soaked water).
Pressure cook for about 3 to 4 whistles, turn the heat to low and simmer for another 5 to 10 minutes.
In total about 20 minutes of cooking time.
Allow the pressure to release naturally.The beans should be soft, yet firm & not mushy for the sundal.
Drain the excess water and you can use it as a stock for dal/soups.Heat oil into a preheated, add mustard and cumin seeds and allow it to crackle.
Once crackled, add the asafoetida, ginger, green chillies, curry leaves and saute for a few seconds.
Add turmeric powder, cooked black eyed beans and salt to taste.
Stir fry for 2 to 3 minutes and turn off the heat.Squeeze juice from 1/2 lemon, add the coconut and coriander leaves and give it a stir.Serve Karamani Sundal hot with Masala Chai  or South Indian Filter Coffee Recipe With Filter Coffee Powder as a healthy tea time snack for the family or make it for special festivals like Navratri.",https://www.archanaskitchen.com/karamani-sundal-recipe-spicy-tossed-black-eyed-beans-recipe,"green chillies,ginger,mustard seeds,asafoetida (hing),curry leaves juice from lemon,coconut,curry leaves,coriander (dhania) leaves,cumin seeds (jeera),dry red chilli salt,turmeric powder,coconut oil,black eyed beans (lobia)",https://www.archanaskitchen.com/images/archanaskitchen/0-Archanas-Kitchen-Recipes/2016/sept-22/Karamani_Sundal_Recipe_South_Indian_Tea_Time_Snack_Black_Eyed_Beans_Navratri_Festival-3.jpg,13,0.9,0.875,0.125,8.0,1.0,1.0
Soya Chunks Masala in Coconut Milk Recipe,"1/2 teaspoon Turmeric powder (Haldi),1 teaspoon Curry powder,3 cloves Garlic - grated,Sunflower Oil - for cooking,Salt - to taste,1 teaspoon Cumin seeds (Jeera),1 teaspoon Red Chilli powder,1 teaspoon Coriander Powder (Dhania),1 Onion - finely chopped,2 Tomatoes - finely sliced,2 cups Soy Chunks (Nuggets) - boiled and squeezed well,3 Green Chillies - slit,1 sprig Curry leaves,100 ml Coconut milk",40,South Indian Recipes,"To begin making the Soya Chunks Masala in Coconut Milk Recipe, get all the ingredients ready.Heat water in a saucepan and bring it to a brisk boil.
Add the soy chunks into the water and allow it to boil for a couple of minutes until the soy chunks soak in a lot of water and become soft.
This will take about 5 minutes.
once the soy chunks have soaked in the water and become soft, drain out the water and keep the soy chunks aside.The next step is to make the masala.Heat a teaspoon of oil in a heavy bottomed pan.
Add the cumin, curry leaves and green chilies and saute them for a few seconds.
 Add the onions, ginger, garlic and saute until the onions become soft and translucent.Add sliced tomatoes and saute for 2 minutes on high heat until the tomatoes soften.
Once the tomatoes soften, add the coriander powder, red chilli powder and turmeric powder, mix well.
Cook for half a minute.Add soya chunks and saute in the masala for 2 to 3 minutes.
Finally add coconut milk and about a cup of water, salt and curry powder.
Mix well and simmer the Soy Chunks Masala for about 5 minutes until the gravy thickens.
Once done, check the salt and spice levels and adjust to suit your taste.
Transfer the Soy Chunks Masala into a serving bowl and stir in the chopped green coriander leaves and serve.
Serve the Soya Chunks Masala in Coconut Milk  along with Lachha Paratha,  Orange and Pomegranate Salad & Steamed Rice",https://www.archanaskitchen.com/soya-chunks-masala-in-coconut-milk-recipe,"tomato,coconut milk,salt,coriander powder,red chilli powder,cloves garlic,curry leaves,onion,cumin seeds (jeera),curry powder,soy (nuggets) squeezed,turmeric powder,green chillies,sunflower oil",https://www.archanaskitchen.com/images/archanaskitchen/1-Author/Farrukh_Aziz_Ansari/Soya_Chunks_Masala_in_Coconut_Milk_Recipe-1.jpg,14,0.9,0.875,0.125,8.0,1.0,1.0
 Broccoli And Aloo Poriyal Recipe (Recipe In Hindi),"1 broccoli - cut into small pieces, 1 teaspoon red chilli powder, 1 clove curry leaves - break, 3 potatoes - peel and cut into wedges, 1/2 teaspoon mustard, salt - taste Oil according to use, 1/2 teaspoon turmeric powder",35,South Indian Recipes,"To make Broccoli and Potato Poriyal, first prepare all the ingredients.
In this vegetable we will cook potatoes and broccoli separately.
Now heat oil in a pan.
Add mustard seeds and cook for 10 seconds.
After this add the potatoes and salt and cook till the potatoes become soft.
Once the potatoes are cooked, add turmeric powder and red chili powder to it.
Cook for 2 minutes and separate the potatoes in a plate.
Add some more oil to the same pan.
After this, add broccoli and salt and cook it.
Be careful not to over cook.
After this, take the broccoli in potato and mix well.
Serve Broccoli and Aloo Poriyal along with Dal Fry and Phulka for dinner.",https://www.archanaskitchen.com/broccoli-and-aloo-poriyal-recipe-recipe-in-hindi,"turmeric powder,clove curry leaves break,red chilli powder,mustard,broccoli,potatoes,salt oil",https://www.archanaskitchen.com/images/archanaskitchen/0-Archanas-Kitchen-Recipes/2016/1-Archana/Broccoli_and_Potato_Porial_Curry_Stir_Fry-3.jpg,7,0.9,0.916667,0.0,12.0,0.5,1.0
Aloo Poha Recipe - Potato Poha,"1/2 teaspoon Turmeric powder (Haldi),1/2 teaspoon Mustard seeds,2 Lemons - juice extracted,2 tablespoon Roasted Peanuts (Moongphali),2 tablespoons Coriander (Dhania) Leaves - finely chopped,Salt - to taste,1/2 cup Sweet corn - steamed,2 teaspoons Sugar,1/2 cup Green Moong Sprouts,2 Onion - finely chopped,2 inch Ginger - finely chopped,2 cups Poha (Flattened rice),3/4 cup Fresh Pomegranate Fruit Kernels - to serve,1 sprig Curry leaves - finely chopped,1/4 teaspoon Asafoetida (hing),1/4 cup Green peas (Matar) - steamed,2 tablespoons Sunflower Oil,2 Potatoes (Aloo) - boiled,1/2 teaspoon Cumin seeds (Jeera),2 Green Chillies - slit lengthwise",50,Indian,"To begin making the Aloo Poha Recipe-Batata Poha Recipe, we will first rinse the poha or flattened rice under cold water and drain any excess water.
Using a large strainer for washing helps ease the rinsing process.
Transfer the rinsed rice to a large bowl; stir in the turmeric, salt, sugar, asafoetida and keep aside.Heat oil in a pan on medium heat; add the mustard seeds, cumin seeds and allow them to crackle.Once the seeds have crackle stir in the onions, curry leaves, ginger, green chillies and sauté until the onions are tender and become translucent.
Now stir in the potatoes and sauté for a couple of minutes till potatoes are cooked.Once done gradually stir in the flattened rice mixture into the onion and potato mixture.Sprinkle about 3 tablespoons of water and gently stir to combine all the ingredients.
Turn the heat to low, cover the pan with a lid and let it simmer for 4-5 minutes.
You will notice the flattened rice has fluffed up a little.Once the poha is done turn off heat and stir in the freshly squeezed lemon juice, steamed peas, roasted peanuts and chopped coriander leaves.
Let the aloo poha sit covered for another minute.Serve the Aloo/Batata Poha hot sprinkled with pomegranate and a hot cup of chai made with chai ka masala or with Beet Latte Recipe.
 ",https://www.archanaskitchen.com/aloo-poha-batata-poha-a-quick-and-delicious-breakfast-recipe,"salt,ginger,mustard seeds,poha (flattened rice),asafoetida (hing),coriander (dhania) leaves,green moong sprouts,green peas (matar),sweet corn,curry leaves,sugar,onion,cumin seeds (jeera),peanuts (moongphali),lemon juice,pomegranate fruit kernels,potato (aloo),turmeric powder,green chillies,sunflower oil",https://www.archanaskitchen.com/images/archanaskitchen/Indian_Breakfast_Tiffins/Indian_Aloo_Batata_Poha_with_Pomegranates_Recipe_Archanas_Kitchen-1.jpg,20,0.9,0.833333,0.0,6.0,1.0,1.0
Verkadalai Sundal- Peanut Sundal Recipe,"1/2 teaspoon Mustard seeds,Coriander (Dhania) Leaves - few sprigs,Salt - to taste,1/4 teaspoon SSP Asafoetida (Hing),1 inch Ginger,2 cups Raw Peanuts (Moongphali),2 Green Chillies - finely chopped,1 cup Water,1/4 cup Fresh coconut - grated,2 teaspoons White Urad Dal (Split),1 sprig Curry leaves,1 tablespoon Sesame (Gingelly) Oil",20,South Indian Recipes,"To begin making Verkadalai Sundal - Peanut Sundal Recipe, into the pressure cooker add peanuts with 1 cup of water.
Pressure cook for 5 to 6 whistles and then turn the heat to low.
Simmer for 3 minutes and turn off the heat.
Allow the pressure to release naturally and keep aside.Into a preheated pan add, sesame oil, mustard seeds,urad dal and allow the seeds to crackle and the dal to turn golden brown in color.
Once the dal has turned golden brown in colour add hing,ginger, green chillies, curry leaves and saute for a few seconds.After few seconds add the cooked peanuts, salt to taste and grated coconut.
Stir fry for 3 to 4 minutes and stir in the coriander leaves.
Turn off the heat and transfer Verkadalai Sundal into serving bowls and serve.
Serve the Verkadalai Sundal - Peanut Sundal Recipe during the Navratri or as a healthy tea time snack along with South Indian Filter Coffee Recipe With Filter Coffee Powder.",https://www.archanaskitchen.com/verkadalai-sundal-peanut-sundal-recipe,"salt,ginger,coriander (dhania) leaves,asafoetida (hing),mustard seeds,coconut,sesame (gingelly) oil,water,curry leaves,white urad dal (split),peanuts (moongphali),green chillies",https://www.archanaskitchen.com/images/archanaskitchen/0-Archanas-Kitchen-Recipes/2019/Verkadalai_Sundal-_Peanut_Sundal_Recipe__video_14_1600.jpg,12,0.9,0.833333,0.0,6.0,1.0,1.0
Strawberry Raita Recipe,"1 Green Chilli - finely chopped,1 teaspoon Black pepper powder,Coriander (Dhania) Leaves - a small bunch,Strawberries - few slices,300 ml Curd (Dahi / Yogurt),150 grams Strawberries,1 Onion - finely chopped,2 tablespoons Sugar,Salt - as per taste,2 teaspoon Cumin powder (Jeera)",30,Indian,"To begin making the Strawberry Raita, we will first rinse the strawberries in water.
Remove the green stem on top and finely chop the strawberries.
Set aside in a bowl until required.In a large bowl; add the yogurt, sugar, salt, cumin powder, black pepper powder and whisk well until soft and fluffy and there are no lumps.
Once the yogurt is whisked well, stir in the chopped onion, green chillies, coriander, and strawberries.
Once strawberries are added, you will notice the color of the yogurt will start changing giving it a delicious pink color.
Check the salt and spice levels and adjust to suit your taste.Garnish the Raita with strawberry slices just before serving.Serve Strawberry Raita along with Paneer Tikka Masala and Pudina Tawa Paratha for a weekday lunch or dinner.
",https://www.archanaskitchen.com/strawberry-raita-recipe,"salt,cumin powder (jeera),coriander (dhania),green chilli,strawberries,curd,sugar,onion,black pepper powder",https://www.archanaskitchen.com/images/archanaskitchen/1-Author/Hina_Gujral/Strawberry_Raita_Recipe.jpg,9,0.9,0.833333,0.0,6.0,1.0,1.0
Kobari Charu recipe - Kobbari Charu Recipe,"2-1 / 2 cups coconut milk, coriander leaves - little, curry leaves - little, 1 cup water, 1/2 teaspoon mustard, 1/4 small Spoon turmeric powder, salt - as per taste, 1/2 teaspoon cumin seeds, 1 teaspoon oil, 6 green chillies - do more or less as you wish, 1/4 cup roasted chana lentils",50,South Indian Recipes,"To make the Kobbari Charu recipe, we will first make coconut milk.
Remove the white part of the coconut and grind it in a mixer grinder with 2 cups of water.
Now sieve the milk with the help of a sieve.
Keep it aside.
In a mixer grinder, add roasted chana dal, green chilli and some water and grind it well.
Heat the oil in a pan.
Add the mustard seeds, cumin and curry leaves and cook for a few seconds.
Now add turmeric powder, water, coconut milk, salt and let it boil.
After boiling, add chana dal paste and mix it.
Keep shaking so that there are no lumps.
Let it boil After boiling, add green coriander and mix it.
Turn off the gas.
Serve the Kobbari Charu recipe with rice and Chow Chow Thoran for dinner.",https://www.archanaskitchen.com/kobbari-chaaru-recipe-coconut-milk-dal-sambar-recipe-in-hindi,"salt,coriander leaves,chana lentils,spoon turmeric powder,water,mustard,curry leaves,oil,coconut milk,green chillies,cumin seeds",https://www.archanaskitchen.com/images/archanaskitchen/0-Archanas-Kitchen-Recipes/2017/5-jan/Kobbari_Chaaru_Recipe_Coconut_Milk_and_Dal_Sambar_Existing_Recipe-2.jpg,11,0.899286,0.857143,0.0,7.0,0.85,1.0
 Moong Dal Palak Cheela (Recipe In Hindi)," oil - as per use, 1/2 cup curd - whisk,250 grams yellow moong dal, 1 onion - finely chopped, 50 grams spinach - finely chopped, 2 green chillies - finely chopped, 3/4 teaspoon cumin seeds, coriander - little, 2 teaspoons lemon juice, salt - as per taste, 1/2 teaspoon turmeric powder, 1 inch ginger - grated, 3/4 teaspoon red chili powder",50,Indian,"To make Moong Dal Palak Chila, first wash the moong dal thoroughly.
Soak moong dal in water for 4 to 5 hours as per use.
Take out the water and put the lentils in the mixer grinder.
Add some water and grind it to make a batter.
Pour this solution in a bowl and add salt, curd, spinach, onion, coriander, green chillies, ginger, cumin, turmeric powder, red chili powder and neemu juice.
Mix well.
Heat the pan and grease it with oil.
After heating, add a spoon of batter and spread it in a round shape.
Pour some oil all around and cook it well from both the sides.
Remove and serve in a plate after cooking.
Serve moong dal spinach chila with coriander mint chutney and masala tea for breakfast.",https://www.archanaskitchen.com/moong-dal-palak-cheela-recipe-yellow-lentil-and-spinach-crepes-in-hindi,"turmeric powder,salt,ginger,spinach,red chilli powder,curd,coriander,onion,lemon,oil,green chillies,cumin seeds,yellow moong dal",https://www.archanaskitchen.com/images/archanaskitchen/1-Author/Farrukh_Aziz_Ansari/Moong_Dal_Palak_Cheela.jpg,13,0.899286,0.857143,0.0,7.0,0.85,1.0
Bharwa Baingan Aur Pyaaz Ki Sabzi Recipe - Roz Ka Khana With Figaro Olive Oil,"3 Green Chillies,6 Small Brinjal (Baingan / Eggplant),Figaro Pure Olive Oil - as required,1/2 teaspoon Turmeric powder (Haldi),1 teaspoon Amchur (Dry Mango Powder),Salt - as required,1 teaspoon Red Chilli powder,1 teaspoon Coriander Powder (Dhania),1 inch Ginger,12 Garlic,1/4 teaspoon Asafoetida (hing),2 Onions - thinly sliced,2 teaspoons Jaggery",60,North Indian Recipes,"To begin making the Bharwa Baingan Aur Pyaaz Ki Sabzi recipe, using a mixer grinder or pestle and mortar, grind the ginger, garlic and green chillies into a paste.Combine the remaining masalas into a mixing bowl along with the ginger garlic paste.
Add salt and check the taste and adjust accordingly.
Make 4 slits in the brinjal and stuff the mixture into the slits of the brinjal.
Keep any excess mixture aside, we will use it in the masala.Heat Figaro Olive oil in a pressure cooker and add the onions.
Saute until the onions becomes soft and translucent.After the onions have become soft add the stuffed brinjals (bharwa Baingan), sprinkle salt, add the remaining masala and 1/4 cup of water.
Cover the pressure cooker and cook for 3 whistles and turn off the heat.
Once done and the pressure has released completely, open the pressure cooker and stir gently.
Transfer Bharwa Baingan Aur Pyaaz Ki Sabzi to a serving bowl and serve warm.Serve Bharwa Baingan Aur Pyaaz Ki Sabzi with Phulkas and Rajasthani Kadhi for a perfect weekday meal.
",https://www.archanaskitchen.com/bharwa-baingan-aur-pyaaz-ki-sabzi-recipe-roz-ka-khana-with-figaro-olive-oil,"salt,ginger,amchur (dry mango powder),asafoetida (hing),brinjal (baingan eggsplant),jaggery,figaro pure olive oil,red chilli powder,garlic,onion,coriander powder,turmeric powder,green chillies",https://www.archanaskitchen.com/images/archanaskitchen/0-Archanas-Kitchen-Recipes/2017/0-Archana/3-short-format-Baingan_Aur_Pyaaz_Ki_Sabzi_Figaro_Olive_Oil-3.jpg,13,0.897273,0.909091,0.090909,11.0,0.7,1.0
Garlic Red Chicken Gravy Recipe,"1 Onion - sliced,1 cup Curd (Dahi / Yogurt),Salt - as required,1 kg Chicken - cleaned,1 tablespoon Cumin powder (Jeera) - (optional),15 Dry Red Chillies,1 tablespoon Butter,1 tablespoon Turmeric powder (Haldi),10 cloves Garlic,2 tablespoons Sunflower Oil",20,North Indian Recipes,"To begin making the Garlic Red Chicken Gravy recipe, soak red chillies and garlic for 10 minutes in hot water.Take a mixie jar.
Grind the soaked red chillies and garlic into a fine paste.
Keep it aside.To begin the garlic red chicken gravy, heat oil in a pressure cooker.
Add finely chopped onions, stir it till it turns golden brown.Now add chicken, salt and turmeric powder in it.
Add the paste and stir well.Add curd and mix it properly.
Now add cumin powder and stir.
Next, close the pressure cooker lid and wait for one whistle.
The Hot spicy delicious Garlic red chicken gravy is ready to serve now.
Serve Garlic Red Chicken Gravy along with Steamed Rice or a Garlic Naan for a weekday meal.
",https://www.archanaskitchen.com/garlic-red-chicken-gravy-recipe,"salt,cumin powder (jeera),cloves garlic,curd,dry red chillies,onion,chicken,turmeric powder,butter,sunflower oil",https://www.archanaskitchen.com/images/archanaskitchen/1-Author/thelifeinspire-gmail.com/Garlic_red_chicken_gravy.jpg,10,0.896111,0.888889,0.111111,9.0,0.85,1.0
Jhinga Gavar Recipe - Shrimps & Cluster Beans Vegetable,"1 teaspoon Cumin powder (Jeera),1 teaspoon Cumin seeds (Jeera),1 teaspoon Red Chilli powder,1 Onion - chopped,300 grams Shrimps,500 grams Gawar Phali (Kothavarangai / Cluster beans) - bite sized,1 tablespoon Sunflower Oil,2 Tomatoes - chopped,1 tablespoon Ginger Garlic Paste,1 Lemon - juiced,3 Green Chillies - slit",50,Indian,"To begin making Jhinga Gawar Recipe -Shrimps & Cluster Beans Sabzi, prep with all the ingredients first and cut the gawar to bite sized.Heat oil in a kadai and add cumin seeds and let it crackle.Once they crackle, add slit green chillies and finely sliced onions.
Saute them till they are translucent.Then add ginger garlic paste and saute for a few seconds.Once the ginger garlic is cooked, add the chopped tomatoes and cook till the tomatoes are mushy.Once done, add the cumin powder, and the gawar.
Saute for half a minute and add about half a cup of water and cover the pan to cook in medium heat.Check after 10 minutes and saute in between if required.
Once the gawar phali is almost cooked, add the shrimps into the sabzi and cook further till done.
Let the water evaporate to make it a dry sabziServe Jhinga Gawar Recipe -Shrimps & Cluster Beans Sabzi along with Lauki Chana Dal  and Phulka Recipe or Makki Ki Roti  or Steamed Rice and pair a Dangar Pachadi With Grated Carrots Recipe to make the lunch meal plate complete.
",https://www.archanaskitchen.com/jhinga-gawar-recipe-shrimps-cluster-beans-sabzi,"tomato,cumin powder (jeera),gawar phali (kothavarangai cluster beans) bite,red chilli powder,ginger garlic paste,lemon,onion,cumin seeds (jeera),shrimps,green chillies,sunflower oil",https://www.archanaskitchen.com/images/archanaskitchen/1-Author/Sadafabbasi79-yahoo.com/Jhinga_gawar_Shrimps_gawar_sabzi_recipe.jpg,11,0.895,0.875,0.0,8.0,0.7,1.0
Sorakkai Puli Kuzhambu Recipe - Tangy Bottle Gourd Curry,"1 Bottle gourd (lauki) - peeled and diced into chunks,1 sprig Curry leaves - roughly torn,1/2 teaspoon Mustard seeds,1 teaspoon Sesame (Gingelly) Oil,2 cups Tamarind Water,Salt - to taste,12 Shallots - quartered,1 Drumstick - cut into 1 inch size pieces,1/4 teaspoon Methi Seeds (Fenugreek Seeds),2 teaspoons Sambar Powder,3 cloves Garlic - whole,1 inch Ginger - finely chopped,1 Tomato - roughly chopped",50,South Indian Recipes,"To begin making the Sorakkai Puli Kuzhambu Recipe, we will make this recipe in a Pressure Cooker.
Add all the main ingredient including bottle gourd, shallots, drumstick, tomato, garlic, ginger, tamarind water, ginger, sambar powder and salt into the pressure cooker, add the salt and about 1 cup of water.Cover the pressure cooker, place the weight on and pressure cook until you hear about 3 whistles.After about 3 whistles, turn off the heat.
Allow the cooker to rest, until the pressure releases completely.Once the pressure is released, open the cooker and give the ingredients a stir.
Check the salt and spice levels and adjust to suit your taste.
Transfer the Sorakkai Puli Kuzhambu into a serving bowlOur next step is to make the seasoning for the Kuzhambu.
Heat a teaspoon of oil in a small pan; once the oil if heated, add the mustard seeds and fenugreek leaves.
Allow them to crackle and roast for a few seconds.Once roasted stir in the curry leaves and turn off the heat.
Pour the seasoning over the Sorakkai Puli Kuzhambu  and give it a stir.Serve Sorakkai Puli Kuzhambu Recipe along with Steamed Rice, Elai Vadam and Masala Chaas for an everyday meal.
",https://www.archanaskitchen.com/sorakkai-puli-kuzhambu-recipe-tangy-bottle-gourd-curry,"tomato,salt,ginger,tamarind water,mustard seeds,sesame (gingelly) oil,cloves garlic,drumstick,curry leaves,bottle gourd (lauki),methi seeds (fenugreek seeds),sambar powder",https://www.archanaskitchen.com/images/archanaskitchen/Indian_Vegetables_Gravy/Tangy_Bottle_Gourd_Curry_Recipe_Suraikai_Puli_Kulambu-3.jpg,12,0.895,0.875,0.0,8.0,0.7,1.0
Palak Kichadi Recipe,"1 inch Cinnamon Stick (Dalchini),1/2 cup Pink Masoor Dal (Split),1/2 teaspoon Garam masala powder - (optional),1/2 Tomato - sliced,50 grams Tofu - diced,2 Green Chillies - slit,1 Onion - finely chopped,1/3 cup Broccoli - florets cleaned,Ghee - or oil as required,3 cloves Garlic - cut into strips,1 cup Spinach Leaves (Palak) - tightly packed and cleaned,1 Bay leaf (tej patta),1/2 teaspoon Cumin seeds (Jeera),1/2 cup Rice,2 pinch Asafoetida (hing),1/4 cup Green peas (Matar),1/4 teaspoon Turmeric powder (Haldi),1 tablespoon Garlic - finely chopped",45,Indian,"To begin making the Palak Kichdi recipe, In a pressure cooker add rice, dal, broccoli, peas, turmeric, one pinch of hing, little oil and 2 -1/2 cups of water and pressure cook.In a saucepan, bring water to a boil and add the cleaned spinach leaves and let it sit for a minute in the pot while the flame is still on.
Now drain it in a colander and transfer it into a bowl of cold water.
Once its cool grind it to a paste in a mixer grinder and set aside.In a wide pan, heat some oil and add bay leaf, jeera, chopped garlic, pinch of hing, green chillies, chopped onions and saute it until the onions have started to change colour to this mixture.Once it is done, add the pureed spinach and mix everything properly.Lower the flame, add the cool dal and rice mixture into the pot and mix until combined with the palak mixture, add the chopped tofu, some water if necessary and season with salt.Also add the garam masala if using at this stage.
Cook for 2-3 minutes and turn of the flame.In a tadka pan, add some ghee/oil add sliced garlic and cook till its starts to brown, pour this onto the khichdi.Garnish with sliced tomatoes and it is ready to be served.
Serve Palak Kichdi with Lauki Raita, Avocado Raita or any other raita of your choice for a comforting weekday meal.
",https://www.archanaskitchen.com/palak-kichdi-recipe,"tomato,green chillies,tofu,rice,bay leaf (tej patta),asafoetida (hing),green peas (matar),cloves garlic,pink masoor dal (split),onion,garlic,cinnamon stick (dalchini),cumin seeds (jeera),ghee,oil,broccoli florets,turmeric powder,spinach leaves (palak),garam masala powder",https://www.archanaskitchen.com/images/archanaskitchen/1-Author/Gauravi_Vinay/Palak_Kichdi.jpg,19,0.890909,0.818182,0.0,11.0,1.0,1.0
"Kesar Mawa Gujiya Recipe- Gujiya Stuffed With Saffron, Khoya & Nuts","Rose Petals - Dried,1 cup All Purpose Flour (Maida),Sunflower Oil - for deep frying,1/2 cup Water,150 grams Khoya (Mawa),Water - Warm (for kneading),150 grams Sugar,1 tablespoon Raisins,1 tablespoon Chironji,2 tablespoons Ghee,1 teaspoon Cardamom Powder (Elaichi),Saffron strands - A generous pinch,Pistachios - slivered,Saffron strands - as required,80 grams Sugar - powdered",50,Indian,"To begin making the Kesar/ Kesari Mawa Gujiya recipe, firstly add flour and melted ghee in a wide bowl.
Mix them together using your finger tips.Next, add warm water little at a time and knead into a soft and stiff dough.
Cover with wet cloth and leave it aside.Crumble mawa with your fingers.
Heat a non-stick pan and add crumbled mawa.
Keep stirring and cook mawa/khoya on low flame.Once mawa starts to turn smooth, add raisins, chironji nuts, cardamom powder and powdered sugar.
Mix well and remove from flame and let it cool completely.To make sugar syrup, add sugar and water into a saucepan and bring it to a boil.
Keep stirring and continue to boil it till it reaches two string consistency.
Turn off the flame and add saffron strands and let it sit for some time.
Two String consistency: When you take a small blob of sugar syrup between your index finger and thumb and pull apart, you must see 2 strings.Divide the gujiya dough and mawa mixture into equal portions.
Roll each ball into 3 or 4 inches diameter.
Brush the edges with water to help seal.Place one portion of mawa mixture in the centre and fold into half sealing the edges.
Press the edges to make sure they don’t open up while frying.Heat oil in a deep fry pan.
Once oil turns hot, carefully add the kesar mawa gujiyas and deep fry until golden brown.
Remove from oil and drain on kitchen tissue paper.Once the mawa gujiyas cools down a bit, soak them in kesar sugar syrup for about 10 to 15 minutes.Then remove from kesar sugar syrup and serve.
You can garnish with slivered pistachios, saffron strands and dried rose petalsServe Kesar/ Kesari Mawa Gujiya as a snack during festivals like Holi or Diwali or as a sweet during any special occasions along with a Thandai or Masala Chai",https://www.archanaskitchen.com/kesari-gujiya-recipe,"khoya (mawa),saffron strands generous,ghee,pistachios,saffron strands,rose dried,raisins,water,sugar,cardamom powder (elaichi),flour (maida),chironji,sunflower oil",https://www.archanaskitchen.com/images/archanaskitchen/1-Author/Jyothi_Rajesh/Kesari_Gujiya.jpg,13,0.885714,0.857143,0.142857,7.0,1.0,1.0
Paruppu Urundai Rasam Recipe - Dal Dumpling Rasam,"2 teaspoons Coriander (Dhania) Powder,1/2 teaspoon Turmeric powder (Haldi),1/2 teaspoon Mustard seeds,1 teaspoon Cumin powder (Jeera),3 Dry Red Chillies,Salt - to taste,1 cup Tamarind Water,1/2 teaspoon Black pepper powder,1/2 teaspoon Salt - to taste,1 Tomato - chopped and pureed,1/2 cup Arhar dal (Split Toor Dal) - soaked in water for 1 hour,2 sprig Curry leaves - torn,1/2 teaspoon Red Chilli powder,1 tablespoon Ghee,1/4 teaspoon Asafoetida (hing),1/4 teaspoon Asafoetida (hing) - a pinch,1 teaspoon Jaggery,1/2 teaspoon Cumin seeds (Jeera),1 tablespoon Sesame (Gingelly) Oil",50,South Indian Recipes,"To begin with Paruppu Urundai Rasam, prep all the ingredients and keep them ready.First step is to make the Paruppu Urundai.Soak the toor dal in water for about 30 minutes to an hour.Drain the excess water and add the soaked toor dal to the jar of the mixer grinder along with the red chillies, asafoetida and salt.
Blend to make a smooth mixture without adding any water (at most just 1 tablespoon).Prepare a steamer with water at the bottom.
Grease the idli plates with sesame oil.
Roughly shape the Paruppu Urundai mixture and place it in the idli cavities.
You will get about 8 urundai (dumplings)Steam on high heat heat for about 7 tp 10 minutes until cooked.
You will notice a few crackles on the top to indicate that the Paruppu Urundai is cooked through.Turn off the heat and keep aside.The next step is the make the Rasam.Heat ghee in a saucepan over medium heat; add the mustard seeds and cumin seeds and allow it to crackle.
Add the curry leaves and asafoetida and give it a stir.Add the tamarind water, tomato puree, turmeric powder, coriander powder, cumin powder, black pepper powder, red chilli powder, jaggery and salt.
Add 2-1/2 cups of water or a little more.Bring the Rasam to a brisk boil and and allow it to boil until you see the rasam developing a froth.When you notice the froth around the rasam, add in the steamed Paruppu Urundai into the rasam and allow it to continue to boil for another 5 minutes.Once done, turn off the heat and give the Paruppu Urundai Rasam a taste and add salt or pepper if required.Transfer the Paruppu Urundai Rasam to a serving bowl and serve hot.Serve Paruppu Urundai Rasam along with steamed rice, ghee, carrot beans poriyal for a delicious lunch or dinner.",https://www.archanaskitchen.com/paruppu-urundai-rasam-lentil-dumplings-rasam-recipe,"tomato,salt,cumin powder (jeera),tamarind water,asafoetida (hing),ghee,mustard seeds,jaggery,sesame (gingelly) oil,red chilli powder,curry leaves,dry red chillies,cumin seeds (jeera),coriander (dhania) powder,black pepper powder,arhar dal (split toor dal) hour,turmeric powder",https://www.archanaskitchen.com/images/archanaskitchen/0-Archanas-Kitchen-Recipes/2020/Paruppu_Urandai_Rasam_Recipe_Video_3_1600.jpg,17,0.885714,0.857143,0.142857,7.0,1.0,1.0
South Indian Style Murungakkai Poriyal Recipe - Drumstick Stir Fry,"2 teaspoons Coconut Oil,1/2 teaspoon Turmeric powder (Haldi),Salt - to taste,2 Green Chillies - slit,1 teaspoon Mustard seeds,1/2 cup Fresh coconut - grated,Water - as needed,2 Dry Red Chillies,1 sprig Curry leaves,5 Drumstick - cut into 3 inch pieces",45,South Indian Recipes,"To begin making Murungakkai Poriyal Recipe, wash the drumsticks well & peel them by removing the tough green part.
Cut them in 2 inches length.Take about glass of water in a kadhi, bring it to a boil, add these drumsticks with salt, turmeric powder (optional) & lightly steam them for 5-8 minutes.
Be careful not to overcook the drumsticks.
It should be tender but not mushy as in sambar or avial.Drain the water, keep the steamed drumsticks aside to cool slightly.Grate the coconut, add the green chillies & grind them well in a mixer.In the kadai, add coconut oil, once hot, add the mustard seeds, let it crackle.Then add the dry red chillies, curry leaves & add the steamed drumsticks.Mix everything well & let it cook for a minute.
Add the grated coconut & give it one last stir.Serve Murungakkai Poriyal Recipe along with Kerala Avial Recipe, Steamed Rice Recipe and Malabar Style Dates Pickle Recipe for a complete meal.",https://www.archanaskitchen.com/murungakkai-poriyal-recipe-south-indian-style-drumstick-stir-fry,"salt,mustard seeds,coconut,water,drumstick,curry leaves,dry red chillies,turmeric powder,coconut oil,green chillies",https://www.archanaskitchen.com/images/archanaskitchen/1-Author/vidya.masalachilli-gmail.com/Drumsticks_Poriyal__South_Style_Drumsticks_Sabzi_recipe.jpg,10,0.885,0.833333,0.0,6.0,0.85,1.0
Mumbai Style Pani Puri Recipe,"1/4 Boondi,2 cups Sweet Chutney (Date & Tamarind),2 cups Green Chutney (Coriander & Mint),30 Pani Puris,1/4 cup Green Moong Dal (Whole) - or black gram",30,North Indian Recipes,"To begin making the Mumbai Style Sukha Pani Puri, firstly make the chutneys by following the recipe on our website.
The next step is to assemble, sprinkle some water on the khara boondi.
In a mixing bowl add the khara boondi and the moong beans and stir.Make a small hole in the centre of each puri with your thumb.
The puris are quite delicate so be careful while breaking them.Add about 1/2 teaspoon of the moong-khara boondi mixture to each puri.Fill the puris with date tamarind chutney and then fill in the green chutney and serve immediately.
Repeat the same for other puris.Serve Mumbai Style Sukha Pani Puri with Sev Puri and Dahi Bhalla Papdi for a weekend chaat party.",https://www.archanaskitchen.com/mumbai-style-pani-puri-recipe,"green moong dal black gram,sweet chutney (date tamarind),pani puris,green chutney (coriander mint),boondi",https://www.archanaskitchen.com/images/archanaskitchen/1-Author/Madhuli_Ajay/Mumbai_Style_Pani_Puri.jpg,5,0.885,0.875,0.125,8.0,0.85,1.0
Tomato Curry Leaf Chutney With No Onion No Garlic Recipe,"1/2 teaspoon Turmeric powder (Haldi),4 Tomatoes - finely chopped,2 Green Chillies - finely chopped,1 pinch Sugar,2 sprigs Curry leaves,1 sprig Coriander (Dhania) Leaves - finely chopped,Salt - or rock salt to taste",40,South Indian Recipes,"We begin making the Tomato Curry Leaf Chutney With No Onion No Garlic Recipe by heating the kadai with oil and add all the ingredients.Saute for about 15 minutes till the tomatoes become mushy and the raw smell goes away.Once it has cool down , blend it in a mixer till it becomes a smooth paste.Serve your Tomato Curry Leaf Chutney With No Onion No Garlic Recipe with Rajgira Panner Paratha Recipe to enjoy your morning breakfast.",https://www.archanaskitchen.com/tomato-curry-leaf-chutney-with-no-onion-no-garlic-recipe,"tomato,salt salt,coriander (dhania) leaves,sugar,curry leaves,turmeric powder,green chillies",https://www.archanaskitchen.com/images/archanaskitchen/0-Archanas-Kitchen-Recipes/2016/sept-21/Tomato_Curry_Leaf_Chutney_No_Onion_No_Garlic_Recipe-4.jpg,7,0.885,0.875,0.125,8.0,0.85,1.0
Sour Sweet Petha Recipe (Yellow Pumpkin Vegetable),"1 teaspoon Sugar,1/2 teaspoon Whole Black Peppercorns,4 Green Chillies,Coriander (Dhania) Leaves - finely chopped,1 teaspoon Fennel seeds (Saunf),1 tablespoon Sunflower Oil,Salt,1 Amchur (Dry Mango Powder),1 Kaddu (Parangikai/ Pumpkin)",40,Indian,"To begin making the Yellow Pumpkin Sabzi, first peel, deseed and cut the pumpkin into cubes of approximately 3/4 inch each.
Chop the green chillies as well and keep aside.In a kadai or skillet on medium heat.
Dry roast the fennel seeds and peppercorns over medium heat till fragrant.
Transfer them to a bowl and set aside to cool.In the same skillet, heat oil over medium heat and add the pumpkin cubes to it, stir in the salt and cook pumpkin for few minutes until it begins to become soft.Reduce the heat to low, add sugar, salt, green chillies and stir to combine.
Cover the skillet with a lid and cook till the pumpkin softens and cooked all the way through.In the meanwhile, pound the fennel and pepper to a coarse powder using a mortar-pestle or in the dry spice grinding jar of the mixer to a coarse powder.Open the lid of the skillet, add the fennel-pepper powder along with dry mango powder and stir to combine.
Adjust the salt and spices to taste.
Cook for another minute or so and turn off the heat.Stir in the chopped coriander leaves and serve.
Serve Khatta Meetha Petha with Phulka and Raita for a wholesome and light lunch or even pack it into your lunch box along with a glass of buttermilk.",https://www.archanaskitchen.com/khatta-meetha-petha-recipe-yellow-pumpkin-sabzi,"salt,parangikai pumpkin,amchur (dry mango powder),coriander (dhania) leaves,fennel seeds (saunf),black peppercorns,sugar,green chillies,sunflower oil",https://www.archanaskitchen.com/images/archanaskitchen/1-Author/Praerna_Kartha/Khatta_Meetha_Petha_Recipe_Sweet_Sour_Yellow_Pumpkin_123.jpg,9,0.885,0.833333,0.0,12.0,0.85,1.0
Palak Chana Dal Recipe - Healthy Spinach Gram Dal Recipe,"1/2 teaspoon Cumin powder (Jeera),200 grams Spinach Leaves (Palak) - washed and chopped,1/2 teaspoon Turmeric powder (Haldi),1 cup Chana dal (Bengal Gram Dal) - soaked in water for about 20 minutes,Salt - to taste,1 teaspoon Cumin seeds (Jeera),1 Onion - chopped,2 Dry Red Chillies,2 tablespoons Ghee,1/4 teaspoon Asafoetida (hing),1 tablespoon Ginger Garlic Paste,2 Green Chillies - chopped,1 teaspoon Turmeric powder (Haldi),3 cups Water,1 Tomato - chopped,1/2 teaspoon Red Chilli powder",50,North Indian Recipes,"To begin making the Palak Chana Dal recipe, pressure cook the soaked chana dal with 3 cups of water, salt and turmeric powder for 5 to 6 whistles and turn off the heat.
Allow the pressure to release naturally.Add the palak (spinach leaves) along with 2 tablespoons of water, salt into a pressure cooker and cook for 1 whistle.
Turn off the heat and release the pressure immediately to retain the green color of the spinach.Heat ghee in a heavy bottomed pan and add cumin seeds.
Once cumin seeds start to crackle, add asafoetida.After 30 seconds, add dry red chillies and saute for few seconds.Next add ginger garlic paste and saute for a few seconds.Now, add chopped onions and green chillies, saute it until onion turns to golden brown in colour.Add chopped tomato and cook them until they become soft.Add turmeric powder, red chilli powder, cumin powder and salt to taste but remember we have already added salt while boiling dal and spinach.Mix all dry spices with tomato onion mixture and cook it on medium heat for 1-2 minutes until mixture starts releasing ghee.This will take about 3 to 4 minutes.After 3 to 4 minutes, add the cooked chana dal and palak (spinach leaves), mix everything well.Cook the Palak Chana Dal for next 4 to 5 minutes on low heat and turn off the heat.
Check the salt and spices and adjust according to taste.
Transfer the Palak Chana Dal to a serving bowl and serve hot.Serve Palak Chana Dal along with Bharli Bhendi, Boondi Raita and Phulka for an everyday meal.
You can also pack this dal for your Lunch Box.",https://www.archanaskitchen.com/palak-chana-dal-recipe-healthy-spinach-gram-dal-recipe,"tomato,salt,green chillies,cumin powder (jeera),chana dal (bengal gram dal),ghee,asafoetida (hing),red chilli powder,water,ginger garlic paste,dry red chillies,onion,cumin seeds (jeera),turmeric powder,spinach leaves (palak)",https://www.archanaskitchen.com/images/archanaskitchen/1-Author/pooja/Palak_Chana_Dal.jpg,15,0.885,0.833333,0.0,12.0,0.85,1.0
Palak Paneer Bhurji Recipe -Spiced Cottage Cheese Scramble With Spinach Recipe,"Sunflower Oil - for cooking,2 teaspoon Garam masala powder,Salt - to taste,1 Tomato - finely chopped,50 grams Spinach Leaves (Palak) - finely chopped,2 Green Chillies - finely chopped,1 Onion - finely chopped,2 cloves Garlic - finely chopped,1 tablespoon Butter,200 grams Paneer (Homemade Cottage Cheese) - crumbled,2 teaspoon Red Chilli powder,1/2 teaspoon Cumin seeds (Jeera),2 teaspoon Amchur (Dry Mango Powder)",45,North Indian Recipes,"To begin making the Palak Paneer Bhurji recipe, first prep all the ingredients and make the homemade paneer by following the link.Heat oil in a heavy bottomed pan on medium heat.
Add the cumin seeds and allow it to crackle.Once the cumin seeds have crackled add the ginger , garlic , green chili and onion fry till it turns light brown.
And add tomatoes, saute till they have softened and the most of the moisture is evaporated.Now add the spinach and saute until the spinach is cooked.Once the spinach is cooked add the spice powders and the crumbled paneer.Add a dollop of butter and saute the ingredients until well combined and simmer for about 3 to 4 minutes for the flavors to seep into the Paneer Bhurji.Once done, turn off the heat and serve the Spinach Paneer Bhurji along with Homemade Whole Wheat Bread toast and Muskmelon (Kharbuj) Juice for breakfast.",https://www.archanaskitchen.com/palak-paneer-bhurji-recipe-spiced-cottage-cheese-scramble-with-spinach-recipe,"tomato,salt,amchur (dry mango powder),paneer,spinach leaves (palak),red chilli powder,cloves garlic,onion,cumin seeds (jeera),green chillies,butter,garam masala powder,sunflower oil",https://www.archanaskitchen.com/images/archanaskitchen/0-Archanas-Kitchen-Recipes/2016/oct-6/Palak_Paneer_Bhurji_Recipe_Spice_Cottage_Cheese_Scramble_Serve_with_Toasted_Pav-2.jpg,13,0.885,0.833333,0.0,12.0,0.85,1.0
Grilled Chicken With Vegetables Recipe,"1 Onion - sliced,1 tablespoon Extra Virgin Olive Oil,4 Broccoli - florets,6 Cherry tomatoes,Salt - to taste,4 Garlic - pounded,1 Red Bell pepper (Capsicum) - chopped,1 Green Bell Pepper (Capsicum) - chopped,1 teaspoon Whole Black Peppercorns - crushed,1-1/2 teaspoon Mixed Herbs (Dried),4 Baby corn,250 grams Chicken breasts,1-1/2 teaspoon Dried basil leaves,1-1/2 teaspoon Red Chilli flakes,Ginger Garlic Paste - as required,1-1/2 tablespoon Extra Virgin Olive Oil",25,Indian,"To begin making the Grilled Chicken With Vegetables recipe, firstly we will saute the vegetables.Heat olive oil in a skillet/stir fry pan.
Add onion, pounded garlic and saute it for a minute or two.Next, add all the vegetables including red pepper, green pepper, broccoli, cherry tomatoes, onions and baby corns.Sprinkle some salt over it and cover the pan with a lid.
Let it cook for 3 to 4 minutes more.Add mixed herbs and crushed peppercorn.
Mix everything well and keep it aside.The next step is to prepare the grilled chicken.Take chicken breast and pat it slightly so it becomes flat and can be cooked evenly.Sprinkle salt, crushed black pepper, dry basil leaves and red chilli flakes and rub it properly on both side.
Apply ginger garlic paste on the both the sides as well.Drizzle some olive oil on it and rub it with mixture.
Make sure all these steps which are mentioned above, we need to apply it on both sides of chicken breasts.Heat olive oil in a skillet/stir fry pan, put chicken breasts on the hot pan and let it cook for 4 to 5 minutes.Now turn over chicken breasts and cook another side for 4 to 5 minutes.To check the chicken breast is cooked properly or not, cut it against the grain and from inside it should be white in colour and not pink.Serve Grilled Chicken With Vegetables along with a side of  Creamy Garlic Mashed Potatoes Recipe, Whole Wheat Seeded Loaf Recipe slathered with Homemade Herb Butter Recipe to make a delciious dinner meal.
",https://www.archanaskitchen.com/grilled-chicken-with-vegetables-recipe,"salt,red bell pepper (capsicum),mixed herbs (dried),dried basil leaves,black peppercorns,virgin olive oil,ginger garlic paste,red chilli flakes,baby corn,onion,garlic,green bell pepper (capsicum),broccoli florets,chicken breasts,cherry tomato",https://www.archanaskitchen.com/images/archanaskitchen/1-Author/Pooja_Thakur/Grilled_Chicken_with_saute_vegetable.jpg,15,0.885,0.833333,0.0,6.0,0.85,1.0
Vegan Baingan Makhani Recipe (Eggplant In Rich Coconut Gravy),"2 sprig Coriander (Dhania) Leaves - for garnish,5 cloves Garlic - finely chopped,3 tablespoons Coconut cream,4 Tomatoes - blanched,2 teaspoon Garam masala powder,2 teaspoons Kasuri Methi (Dried Fenugreek Leaves) - crushed,1 Onion - sliced for garnish,1 inch Ginger - grated,1 teaspoon Red Chilli powder,1 teaspoon Fennel Powder,400 grams Brinjal (Baingan / Eggplant) - long purple ones,2 Green Chillies - finely chopped,2 teaspoon Coriander Powder (Dhania),1/2 teaspoon Cardamom Powder (Elaichi),Salt - to taste,1 Bay leaf (tej patta),2 tablespoons Sunflower Oil",40,Indian,"To begin making Baingan Makhani Recipe (Vegan), wash and cut the eggplants into cubes and keep it immersed in water until you cook, to avoid oxidation.Blanch the tomatoes in enough water for 10 minutes and then remove the skin, make a smooth puree using a mixer grinder and keep aside.Heat oil in a pan, add the drained eggplants and saute until they cook to 3/4th and turn golden.
Keep them aside.In the same pan, add the bay leaf, chopped garlic and saute till golden.Add the grated ginger, green chillies and tomato puree and saute for a minute.Add the coriander, red chilli, garam masala powder and saute till the oil separates on the sides.Add the cardamom, fennel powder and salt and simmer for a few more minutes.Add a cup of water if it gets too thick and simmer for 10 minutes.Now, add in the sauteed eggplants and simmer until they are cooked through.Switch off the flame, add the kasuri methi, coconut cream and mix well.Garnish with sliced onions, coriander leaves and serve hot.Serve Vegan Baingan Makhani Recipe along with flaky Tawa parathas and Kachumber salad for the weeknight dinner.",https://www.archanaskitchen.com/vegan-baingan-makhani-recipe-eggplant-in-rich-coconut-gray,"tomato,salt,ginger,coconut,bay leaf (tej patta),red chilli powder,cloves garlic,brinjal (baingan eggsplant) purple,fennel powder,coriander (dhania) leaves,kasuri methi (dried fenugreek leaves),onion,cardamom powder (elaichi),coriander powder,green chillies,garam masala powder,sunflower oil",https://www.archanaskitchen.com/images/archanaskitchen/1-Author/nithya.anantham/Bhaingan_Makhani_Recipe_Vegan.jpg,17,0.885,0.875,0.125,8.0,0.85,1.0
Kasuri Methi and Potato Frying Recipe,"1 tablespoon Coriander Powder (Dhania),2 cups Potatoes (Aloo) - boiled and roughly mashed,1 teaspoon Cumin powder (Jeera),1/2 teaspoon Fennel seeds (Saunf),1/2 teaspoon Turmeric powder (Haldi),2 tablespoons Kasuri Methi (Dried Fenugreek Leaves) - (adjust),1 teaspoon Garam masala powder,1 teaspoon Cumin seeds (Jeera),Salt - to taste,1 teaspoon Red Chilli powder,2 Green Chillies - slit,2 teaspoons Amchur (Dry Mango Powder),1-1/2 tablespoon Ginger - grated and ground,1 tablespoon Ghee,1/2 teaspoon Methi Seeds (Fenugreek Seeds),1 cup Tomatoes - finely chopped",30,North Indian Recipes,"To begin making Kasuri Methi Aur Aloo Rasedar Recipe, first boil the potatoes using a pressure cooker.
Once done, peel and roughly mash the potatoes keep a few pieces intact.Heat ghee in a wok on medium heat, add cumin seeds, fennel and methi seeds and let it splutter.Add the dried fenugreek leaves (kasuri methi), and let its aroma release into the oil.Add the ginger paste, slit green chillies and saute until the raw smell goes away.Add the chopped tomatoes and saute until its half cooked.Add the coriander, turmeric, cumin and red chilli powder and saute for 2 minutes.Now, add the roughly mashed potatoes and two cups of water and mix well.Season with salt, aamchoor powder and simmer the mixture for 5 to 6 minutes.Once the gravy comes together and reaches your desired consistency, switch off the flame.Garnish with a teaspoon of kasuri methi and serve the Kasuri Methi Aur Aloo Rasedar Recipe along with Parathas",https://www.archanaskitchen.com/kasuri-methi-aur-aloo-rasedar-recipe,"tomato,green chillies,cumin powder (jeera),salt,amchur (dry mango powder),ghee,fennel seeds (saunf),red chilli powder,ginger ground,cumin seeds (jeera),methi seeds (fenugreek seeds),coriander powder,potato (aloo),turmeric powder,kasuri methi (dried fenugreek leaves),garam masala powder",https://www.archanaskitchen.com/images/archanaskitchen/1-Author/nithya.anantham/Kasuri_Methi_Aur_Aloo_Rasedar_Recipe_.jpg,16,0.885,0.875,0.125,8.0,0.85,1.0
Curd Rice With Carrots Recipe,"3/4 tablespoon Raw Peanuts (Moongphali) - roasted,1/2 teaspoon Mustard seeds,2 Green Chillies - finely chopped (adjust according to your taste),1/4 cup Milk - (optional),1/2 teaspoon Ginger - grated,Coriander (Dhania) Leaves - Few sprigs,1 Dry Red Chilli - slit,Salt - as needed,1/2 teaspoon Cumin seeds (Jeera),1/2 teaspoon Black Urad Dal (Split),1 teaspoon Chana dal (Bengal Gram Dal),4 Cashew nuts - broken and roasted,1 Carrot (Gajjar) - peeled and grated,Asafoetida (hing) - a pinch,1 cup Hung Curd (Greek Yogurt),Sunflower Oil - as needed,1/2 cup Rice - (raw rice preferred),1 sprig Curry leaves",50,Indian,"To begin making the Curd Rice With Carrots recipe, wash and soak rice for 20 to 30 minutes.Add the required water, salt to the cooker and cook the rice.Fluff up the rice or mash lightly to suit your liking.
Cool it completely.Add curd to cooled rice and mix well until combined.
If using milk, add it as well and stir.Heat oil in a tadka pan, add cashew nuts, groundnuts and fry them till golden brown.Add cumin and mustard seeds, when they begin to splutter, add dals and fry until golden.Once it is done, add ginger, chili and curry leaves.
When the curry leaves turn crisp, add hing and switch off the stove.Add coriander leaves and grated carrots to the curd rice, pour the tempering and mix.Serve Curd Rice With Carrots as a side dish with your delicious meal or have it on its own for a light and healthy lunch.
You can also pack it for your lunch box.
",https://www.archanaskitchen.com/curd-rice-with-carrots-recipe,"cashew nuts,salt,hung curd (greek yogurt),coriander (dhania) leaves,ginger,chana dal (bengal gram dal),rice (raw rice preferred),asafoetida (hing),mustard seeds,milk,carrot,dry red chilli,curry leaves,black urad dal (split),cumin seeds (jeera),peanuts (moongphali),green chillies,sunflower oil",https://www.archanaskitchen.com/images/archanaskitchen/1-Author/GAGANDEEP_KAUR/CURD_RICE.jpg,18,0.885,0.833333,0.0,12.0,0.85,1.0
Peerkangai Thogayal Recipe (Ridge Gourd Peel Chutney),"2 cups Ridge Gourd Skin (Turai/ Peerkangai),3 Dry Red Chillies,5 Methi Seeds (Fenugreek Seeds),Salt - to taste,10 Curry leaves,1/4 teaspoon Mustard seeds,30 grams Tamarind,2 Dry Red Chillies,1 teaspoon Sunflower Oil,3-4 Curry leaves,2 teaspoons White Urad Dal (Split)",25,South Indian Recipes,"To begin making the Peerkangai Thogayal Recipe, heat a teaspoon oil in a heavy bottomed pan; add the cut peels of the Ridge Gourd, along with a little salt and saute until soft and tender.
Turn off heat and allow it to cool.
The peels will not get completely soft, so its ok as long as they have cooked through.In another small pan; roast the fenugreek seeds, dry red chillies and urad dal until it releases a roasted aroma and slightly browned.Now grind the roasted ingredients, the cooked ridge gourd peels, the tamarind and curry leaves together until it forms a smooth paste.
Check the salt in the Peerkangai Thogayal Recipe and adjust to suit your taste.Heat a little oil in a pan; add mustard seeds, dry red chillies and curry leaves.
Allow it to crackle and the red chillies to roast.
Add it to the Peerkangai Thogayal.Serve the Peerkangai Thogayal along with a hot bowl of Steamed Rice and Ghee.",https://www.archanaskitchen.com/peerkangai-thogayal-recipe-ridge-gourd-peel-chutney,"salt,ridge gourd skin (turai peerkangai),mustard seeds,curry leaves,white urad dal (split),dry red chillies,methi seeds (fenugreek seeds),tamarind,sunflower oil",https://www.archanaskitchen.com/images/archanaskitchen/Indian_Chutneys/Ridge_Gourd_Peel_Chutney_Thogayal_Peerkangai_Recipe-1.jpg,9,0.885,0.833333,0.0,12.0,0.85,1.0
Baingan Sarson Ka Saag Recipe,"1 Onion - sliced,1 teaspoon Amchur (Dry Mango Powder),1 teaspoon Garam masala powder,Salt - to taste,4 cloves Garlic - finely chopped,1 teaspoon Red Chilli powder,1 teaspoon Coriander Powder (Dhania),3 tablespoons Mustard oil - for cooking,200 grams Mustard greens,1 inch Ginger - finely chopped,1/2 teaspoon Cumin seeds (Jeera),300 grams Small Brinjal (Baingan / Eggplant) - quartered",25,North Indian Recipes,"To begin making Baingan Sarson Ka Saag Recipe first prep all the ingredients and keep aside.
Quarter the brinjal and keep them in salted water till you use them.
Keeping them in salted water prevents discolouration of the brinjal.Wash and chop the mustard greens ( sarson ka saag) roughly and keep them aside.
Next heat oil in a deep pan or wok and once the oil has reached a smoking point reduce the heat to medium.
Add cumin seeds and let them crackle.
Then add onions, ginger and garlic and saute till the onions are cooked.Now add the drained and cut brinjal slices to the pan and saute.
Sprinkle some water, cover and cook the brinjal till its cooked through and is well roasted.This will take about 4 to 5 minutes.Once the brinjal is well roasted, softened and cooked through, add all the dry spices to the pan, chilli powder, turmeric powder, coriander powder, garam masala powder, amchur powder, salt and saute for a minute till all the brinjal is well coated with the masalas.
Finally add the chopped mustard leaves to the brinjals and cover and cook till the mustard greens are cooked through.
This will take about 3 to 4 minutes as well.Check the salt and seasonings of the Baingan Sarson Ka Saag and adjust according to taste.Once done, turn off the heat and transfer the Baingan Sarson Ka Saag to a serving bowl and serve hot.Serve Baingan Sarson Ka Saag with Phulka , Panchmel Dal and Lauki Raita for a lovely weekday lunch.",https://www.archanaskitchen.com/baingan-sarson-ka-saag-recipe,"salt,ginger,amchur (dry mango powder),mustard oil,brinjal (baingan eggsplant),red chilli powder,cloves garlic,onion,mustard greens,cumin seeds (jeera),coriander powder,garam masala powder",https://www.archanaskitchen.com/images/archanaskitchen/0-Affiliate-Articles/Baingan_Sarson_Ka_Saag_Recipe_3_1600.jpg,12,0.883333,0.833333,0.083333,12.0,1.0,1.0
Hariyali Egg Curry Recipe In Coriander and Mint Gravy,"2 cups Coriander (Dhania) Leaves - tightly packed,4 cloves Garlic,1 inch Ginger - chopped,1 teaspoon Garam masala powder,1 Cinnamon Stick (Dalchini) - small,2 Green Chillies - chopped,1 Onion - roughly chopped,1 tablespoon Sunflower Oil,2 Cloves (Laung),1 Bay leaf (tej patta),4 Whole Eggs - boiled,2 tablespoons Fresh cream,1 cup Mint Leaves (Pudina) - chopped,2 teaspoons Coriander Powder (Dhania)",35,Indian,"To begin making the Hariyali Egg Curry recipe, we will first make the Hariyali Masala.Into the Mixer Grinder (medium jar), add the Coriander leaves mint leaves, Green Chillies and 1/2 cup water.
Blend all of them together to make a smooth paste and keep aside.Into the small jar of the mixer grinder, add the onions, ginger and garlic and grind to make a paste.
Heat 1 tablespoon oil in a kadai over medium heat, add the Bay leaf (tej patta), Cloves, Cinnamon Stick and roast for a few seconds.
Add the Onion ginger garlic paste.Saute for 4 to 5 minutes until raw onion smell goes away.Once the onions are roasted, add garam masala powder, coriander powder and saute for a few seconds.Add the Hariyali Coriander Mint Mixture, the fresh cream and the 4 Boiled eggs.Add water if required to adjust the consistency of the Hariyali Egg Curry.
 Cover & simmer the Hariyali Egg Curry for 5 minutes.Check the salt and spices and adjust to according to your taste and transfer the Hariyali Egg Curry into a serving bowl.
Serve the Hariyali Egg Curry along with Malabar Parotta or  Whole Wheat Lachha Paratha and Burani Raita for a weeknight dinner.",https://www.archanaskitchen.com/hariyali-egg-curry-recipe-in-coriander-and-mint-gravy,"green chillies,ginger,bay leaf (tej patta),coriander (dhania) leaves,mint leaves (pudina),cloves garlic,cinnamon stick (dalchini),onion,coriander powder,eggs,cloves (laung),garam masala powder,sunflower oil",https://www.archanaskitchen.com/images/archanaskitchen/0-Archanas-Kitchen-Recipes/Hariyali_Egg_Curry_Recipe_Creamy_Coriander_and_Mint_Curry-5_1600.jpg,13,0.883333,0.833333,0.083333,12.0,1.0,1.0
Thandai Flavoured Rice Kheer Recipe,"Rose Petals - for garnishing,4 tablespoons Condensed Milk,4 tablespoons Milk,1 teaspoon Poppy seeds,1/2 teaspoon Whole Black Peppercorns,Mixed nuts - for garnishing,Saffron strands - few,1 tablespoon Cashew nuts - chopped,1 tablespoon Badam (Almond) - blanched and peeled,1 tablespoon Cashew nuts,1 teaspoon Cardamom (Elaichi) Pods/Seeds,1 inch Cinnamon Stick (Dalchini),1 tablespoon Badam (Almond) - chopped,2 liter Milk,1 teaspoon Cardamom Powder (Elaichi),1-1/2 cup Thandai Powder,1 tablespoon Pistachios - chopped,1 tablespoon Pistachios,Sugar - as required,2 tablespoons Basmati rice",60,North Indian Recipes,"To begin with Thandai Flavored Rice Kheer, wash and soak the rice for 30 minutes.
After 30 minutes, drain the water and keep the rice aside.Soak the saffron and thandai powder separately in lukewarm milk.
Powder the Thandai Powder ingredients - Almonds, Cashew nuts, Pistachios, poppy seeds, cardamom, cinnamon and whole black peppercorns into a coarse powder and keep aside.The next step is to boil the milk.
When it comes to a boil, reduce the flame and add the rice in the saucepan.Keep stirring the kheer until it reduces to one-third of the original quantity.
Once done, add sugar, milk-made, cardamom powder, chopped nuts, thandai milk and saffron.
Mix everything well and cook the Thandai Kheer for 5 minutes more.After 5 minutes, turn off the flame and garnish it with chopped nuts and rose petals.Serve Thandai Flavored Rice Kheer as a dessert after your delicious meal of Dal Makhani, Sev Tamatar Ki Sabzi, Phulka and Palak Raita.
",https://www.archanaskitchen.com/thandai-flavored-rice-kheer-recipe,"thandai powder,basmati rice,cashew nuts,pistachios,cardamom (elaichi) podsseeds,saffron strands,milk,black peppercorns,sugar,badam (almond),poppy seeds,cardamom powder (elaichi),cinnamon stick (dalchini),condensed milk,rose,mixed nuts",https://www.archanaskitchen.com/images/archanaskitchen/Indian_Sweets_Mithai/Thandai_Flavored_Rice_Kheer_Recipe-1.jpg,16,0.883333,0.916667,0.083333,12.0,0.5,1.0
Sprouted Ragi Chicken Cutlet Recipe,"1/2 teaspoon Cumin powder (Jeera),4 cloves Garlic - mashed,Salt - to taste,1/2 cup Carrots (Gajjar) - boiled and mashed,1 inch Ginger - grated,1 cup Instant Oats (Oatmeal),1/2 teaspoon Garam masala powder,2 Green Chillies - finely chopped,1/2 cup Potato (Aloo) - boiled and mashed,1/3 cup Ragi Seeds - soaked overnight and sprouted,1 Onion - finely chopped,1/3 cup Coriander (Dhania) Leaves - finely chopped,250 grams Boneless chicken,1 teaspoon Black pepper powder",45,Indian,"To begin making Sprouted Ragi Chicken Cutlet Recipe, partially cook the chicken for about 10 minutes in a kadai with enough water, cool it and grind with some salt and pepper.
I did not grind to a fine paste.Also cook potatoes and carrots in a vessel till they are cooked al dente.
Once done, drain all the water which you can later use as a vegetable stock for other gravy recipes or soups.Coarsely grind the sprouted ragi in a mixer grinder.Preheat a convection oven to 200 degrees.
Prepare a baking dish, grease it well such that the cutlets won't stick when baked.
Or you can also grease a parchment paper and line it on the baking sheet.Mash the boiled potatoes and carrots, add the ground ragi and chicken, add chopped onions, ginger and garlic paste, green chilies, garam masala, black pepper, roasted cumin powder, coriander leaves and oats.Combine everything well, add more oats if the mixture feels it has more moisture.Give shape to the cutlets and place them on a greased baking dish, drizzle some oil on the top and bake in a preheated oven at 200 degrees for 15 minutes and grill for 10 minutes or till cooked and looks crisp from outside.Enjoy the hot and crispy sprouted ragi chicken cutlet.Serve Sprouted Ragi Chicken Cutlet Recipe along with Dhaniya Pudina Chutney Recipe and Date and Tamarind Chutney Recipe along with Indian salad like Kachumber Salad Recipe and Adrak Chai Recipe for a small tea party at home with your close friends and family.",https://www.archanaskitchen.com/sprouted-ragi-chicken-cutlet-recipe,"salt,cumin powder (jeera),boneless chicken,ginger,garam masala powder,coriander (dhania) leaves,black pepper powder,potato (aloo),cloves garlic,carrot,onion,ragi seeds sprouted,green chillies,instant oats (oatmeal)",https://www.archanaskitchen.com/images/archanaskitchen/1-Author/priyanjali/Sprouted_ragi_chicken_cutlet_recipe_edited.jpg,14,0.883333,0.833333,0.083333,12.0,1.0,1.0
Kothamalli Thogayal Recipe | Coriander Leaves Chutney,"1 cup Coriander (Dhania) Leaves,1 teaspoon Tamarind,6 Dry Red Chillies,1 teaspoon Jaggery - (adjust),1 tablespoon Sunflower Oil,2 tablespoons Fresh coconut,1 Salt - as needed,1 tablespoon White Urad Dal (Split)",15,South Indian Recipes,"To prepare Kothamalli Thogayal Recipe | Coriander Leaves Chutney, in a Kadai add in the oil, once the oil heats up add in dry red chilli and Urad dal and fry till they become golden brown.Then switch off the flame and allow it to cool down.In a blender add in coconut and the roasted urad dal and red chilli, jaggery and tamarind.Blend everything to a coarse paste and then add in the salt and Coriander leaves and make it into a smooth paste by adding a very little water.Tasty Kothamalli Thogayal Recipe | Coriander Leaves Chutney is now ready to be served with steamed rice and sambar ",https://www.archanaskitchen.com/kothamalli-thogayal-recipe-coriander-leaves-chutney,"salt,coconut,coriander (dhania) leaves,jaggery,white urad dal (split),dry red chillies,tamarind,sunflower oil",https://www.archanaskitchen.com/images/archanaskitchen/1-Author/happytrioexplains-gmail.com/Coriander_Leaves_Thogayal__Kothamalli_Thogayal.jpg,8,0.881111,0.888889,0.111111,9.0,0.7,1.0
Besan Bread Toast Recipe On Tawa - Vegetarian French Toast,"1 Green Chilli - finely chopped,1/2 teaspoon Turmeric powder (Haldi),Salt - to taste,1 Tomato - finely chopped,Sunflower Oil - for making the toast,1/2 cup Gram flour (besan),1/4 cup Coriander (Dhania) Leaves - finely chopped,1 Onion - finely chopped,4 Whole Wheat Brown Bread - whole wheat",20,Indian,"To begin making the Besan Bread Toast, take a big bowl, add besan, onion, tomato, green chilli, coriander leaves, turmeric powder, season with salt and enough water to make a semi thick batter.Heat a skillet on medium heat, brush it with oil.Take a bread slice, dip it into the besan batter and place it on the heated skillet to cook the besan bread toast.Apply a little oil on the sides to cook the bread toast over medium heat.
Once the besan bread toast is cooked at the bottom, flip over and cook the other side as well.Similarly, prepare the rest of the besan bread toasts.Serve esan Bread Toast along with Masala Chai.
and sliced bananas for breakfast.
",https://www.archanaskitchen.com/besan-bread-toast-recipe,"tomato,salt,green chilli,coriander (dhania) leaves,gram flour (besan),sunflower oil making the toast,onion,turmeric powder,wheat brown bread wheat",https://www.archanaskitchen.com/images/archanaskitchen/0-Archanas-Kitchen-Recipes/Besan_Bread_Toast_Kesai_Chai_Banana-11.jpg,9,0.881111,0.888889,0.111111,9.0,0.7,1.0
Tamarind Chilli Potato Recipe,"1 tablespoon Sugar,3 Potatoes (Aloo) - boiled and cubed,2 sprig Curry leaves,1 tablespoon Ajwain (Carom seeds),Salt - to taste,3 tablespoon Tamarind Paste,1 Onion - chopped,2 tablespoon Cashew nuts - chopped,2 Fresh Red chillies,4 cloves Garlic - chopped,Sunflower Oil - as required,1 tablespoon Coriander (Dhania) Leaves - chopped",50,Indian,"To begin with the Tamarind Chilli Potato, first lets boil the potatoes and keep them aside.In a pan add some oil and potatoes once the oil is hot.
Saute them till they turn into golden brown.Take the potatoes from the pan and keep it aside.In the same pan add some more oil and add carom seeds once the oil is hot.Now add cashew nuts and saute till it becomes golden brown, now add garlic and onions and saute till they are transparent.It is time to add the red chillis and curry leaves leave it for a minute so the spice is induced in the onions.
After this add tamarind paste and some sugar, combine the entire mixture and add salt as per your taste.As the tamarind paste cooks well you can add the potatoes and allow it to cook for 2 – 3 minutes.Put of the flame and add the coriander leaves a last and taste them and add some salt if needed as per your taste.Your Tamarind Chilli Potato is ready, transfer it to a serving plate and serve them.You can serve the Tamarind Chili Potato as a starter or even as a subji for roti, phulka and naan.
",https://www.archanaskitchen.com/tamarind-chilli-potato-recipe,"cashew nuts,salt,red chillies,coriander (dhania) leaves,ajwain (carom seeds),cloves garlic,curry leaves,sugar,onion,tamarind paste,potato (aloo),sunflower oil",https://www.archanaskitchen.com/images/archanaskitchen/1-Author/Pooja_Thakur/Tamrind_Chilli_Potato.jpg,12,0.88,0.916667,0.0,12.0,0.3,1.0
Poliyodharai / Puliyogare Recipe (using Millets),"1/4 cup Roasted Peanuts (Moongphali),4 Dry Red Chillies,3 teaspoons Methi Seeds (Fenugreek Seeds),1 1/2 teaspoon Turmeric powder (Haldi),1 cup Foxtail Millet,Sesame (Gingelly) Oil - or gingelly oil,8 Curry leaves,1 teaspoon Whole Black Peppercorns,5 tablespoon Sesame (Gingelly) Oil,Salt - as needed,Water - as needed,2 tablespoons Chana dal (Bengal Gram Dal),1/2 teaspoon Asafoetida (hing),1 tablespoon Chana dal (Bengal Gram Dal),Salt,1 tablespoon Mustard seeds,1/2 teaspoon Jaggery,Tamarind - lemon sized",55,South Indian Recipes,"Method for Making PulikachalSoak the tamarind in water for at least one hour and extract the juice.
Keep the juice asideTake all the ingredients listed under Roast and Grind and dry roast them until it turns golden brown.
Cool them completely and grind to a fine powder.Heat oil in a pan, add the mustard seeds, red chillies and allow it to crackle and roast for a few seconds.
Add the tamarind extract, turmeric powder, salt, curry leaves and asafoetida.
Add enough water to make it thin and allow it to boil for atleast 20 minutes or until the volume reduces to half.Once the volume has reduced to half, add the jaggery and the ground spice powder.
Allow this mixture to boil for another 5 minutes or until the mixtures starts to thicken.
Turn off the heat and cool the pulikachal.
Add the roasted peanuts and keep aside.
This this the Pulikachal mixture to make the Tamarind Rice.
You can store this mixture in the refrigerator for about a week and use it as and when required.
Method to cook the MilletsMillets cook in a similar way to rice.
Based on the kind of millet you use the cooking times will differ.
In this recipe I am using foxtail millet that cooks fairly easily.
Place the millet into the pressure cooker, along with 2 cups of water and salt.Close the cooker, place the weight on and pressure cook for two whistles.
After two whistles turn the heat to low and simmer for about 3 minutes and turn off the heat.
Allow the pressure to release naturally, as the millets will continue to cook under the existing pressure.
Once the pressure is releasedAllow the pressure to release naturally, as the millets will continue to cook under the existing pressure.
Once the pressure is released, open the cooker and fluff up the millets and allow them to air out a bit, before mixing it with the Puliyodharai mixMethod to Make the Puliyodharai / Puliyogare RecipeYou can now mix the pulikachal with steamed millet in small quantities depending upon how tangy and how spicy you want the rice to be.
Allow the millet to rest in this tangy pulikachal for atleast 20 minutes before serving.The Puliyodharai / Puliyogare  - Spicy Tamarind Millet is now ready to be served.
",https://www.archanaskitchen.com/puliyodharai-puliyogare-recipe-using-millets,"salt,mustard seeds,foxtail millet,asafoetida (hing),jaggery,sesame (gingelly) oil,water,black peppercorns,curry leaves,dry red chillies,methi seeds (fenugreek seeds),peanuts (moongphali),turmeric powder,chana dal (bengal gram dal),sesame (gingelly) oil gingelly oil,tamarind lemon",https://www.archanaskitchen.com/images/archanaskitchen/Indian_Rice/Millet_Tamarind_Rice_Puliyoghare_Puliyodharai_Recipe-3.jpg,16,0.88,0.8,0.0,10.0,1.0,1.0
Vrat Ki Kachori Recipe (Savory Buckwheat Paneer Pastry),"Water - to knead the dough,1 Potato (Aloo) - boiled & mashed,1 tablespoon Coriander (Dhania) Leaves - optional,1/2 teaspoon Red Chilli powder - with black pepper powder (adjust according to your taste),Black pepper powder - to taste,1 cup Paneer (Homemade Cottage Cheese),2 Green Chillies - chopped,100 grams Buckwheat Flour (Kuttu Ka Atta),Rock Salt - to taste,Sunflower Oil - to fry",40,North Indian Recipes,"To begin making the Vrat Ki Kachori Recipe (Savory Buckwheat-Paneer Pastry), start with making the kachori/pastry mix.
Mix flour, salt, green chilies, mashed potatoes in a mixing bowl.
Add red chilli powder or pepper powder as per preference and mix everything well.Add a little water to knead the dough and knead a soft dough.
Once it is done, keep the dough covered for 5 minutes.Meanwhile, we will prepare the paneer filling for Vrat Ki Kachori.
For the filling, mash the paneer, along with the rest of ingredients for filling.
You can optionally add raisins to oomph up the flavour.
Keep it aside.
To prepare the Vrat Ki Kachori, heat oil in a Shallow fry pan.
Take a small ball of the dough between your palms.
The dough will be soft.
Press in the center and make an indent.Put the paneer filling in the indent and softly bring the edges together till the center and close into a ball again.
Now, press between your palms and flatten the kachori lightly.Take some dry buckwheat flour and lightly cover the kachori on all sides.
Make all the kachoris like this.Next, heat some oil in a heavy bottomed pan.
Put these kachoris in the wok and shallow fry them in the pan on medium heat, till they are crisp on both sides.
Take them out on a kitchen towl to absorb the excess oil.
Serve hot.Serve this crispy Vrat Ki Kachori Recipe with Paneer filling for evening snacks with No Onion No Garlic Dhaniya Pudina Chutney.",https://www.archanaskitchen.com/vrat-ki-kachori-recipe-savory-buckwheat-paneer-pastry,"salt,coriander (dhania) leaves,paneer,potato (aloo),red chilli powder black pepper powder,black pepper powder,buckwheat flour (kuttu ka atta),green chillies,water knead the dough,sunflower oil",https://www.archanaskitchen.com/images/archanaskitchen/1-Author/Aditi_Bahl/Vrat_ki_kachori_recipe.jpg,10,0.88,0.8,0.0,10.0,1.0,1.0
Delhi Style Fruit Chaat Recipe -Homemade Kulle Chaat Of North India,"1 Potato (Aloo) - boiled,1 Green Chilli - finely chopped,2 sprig Coriander (Dhania) Leaves - finely chopped,1/4 cup Anardana Powder (Pomegranate Seed Powder),Salt - to taste,1 Sweet Potato - peeled and diced,1/2 teaspoon Cumin powder (Jeera) - roasted,Ghee - for stir frying,1/2 cup Pineapple - diced,2 Ripe Bananas - peeled and diced,1/2 teaspoon Red Chilli powder,1 Lemon juice,1 Apple - peeled and diced,1 teaspoon Chaat Masala Powder",30,North Indian Recipes,"To begin making the Delhi Style Fruit Chaat or the Kulle Chaat Of North India, first boil the potatoes and keep them ready.
Cut and peel the fruits and keep them ready by the side.Heat a tablespoon of ghee in a heavy bottomed pan or a wok.
 Roast the diced and boiled potatoes on medium high heat until roasted and browned.
Once roasted, turn off the heat and keep aside.In a large mixing bowl, add the roasted potatoes, the cut fruits like apple, banana, pineapple and pomegranate.
Add the remaining ingredients like chaat masala, red chili powder, cumin powder, green chilies, lemon, coriander leaves & salt into the bowl and stir well to combine all of them.Check the salt and spices and adjust to suit your taste .Serve Delhi Style Fruit Chaat Recipe or Kulle Chaat along as an evening snack or as an appetizer for parties along with Pav Bhaji, Dahi Vada, Pani Puri and finally end it with a Paneer Kheer as a dessert.",https://www.archanaskitchen.com/delhi-style-fruit-chaat-recipe-homemade-kulle-chaat-of-north-india,"pineapple,cumin powder (jeera),bananas,salt,green chilli,anardana powder (pomegranate seed powder),potato (aloo),chaat masala powder,red chilli powder,apple,coriander (dhania) leaves,ghee stir,lemon,sweet potato",https://www.archanaskitchen.com/images/archanaskitchen/Indian_Tea_Time_Snacks/Delhi_Style_Fruit_Chaat_Recipe_Homemade_Kulle_Chaat_Of_North_India-1-2.jpg,14,0.88,0.8,0.0,10.0,1.0,1.0
Bajri Roti Recipe,"Salt - to taste,2 cups Bajra Flour ( Pearl Millet),1/4 cup Whole Wheat Flour,1 tablespoon Ghee,Lukewarm Water - to bind the dough",45,Indian,"To begin making the Bajri Ki Roti Recipe first sift the bajra flour, whole wheat flour and salt together in a deep mixing bowl.Knead the dough well 1/4 cup of lukewarm water at a time, until it comes together in a smooth ball.
The dough will be similar to what we prepare for Makke Ki Roti.Grease the dough with ghee, cover with a muslin cloth and let rest for 15 minutes.Meanwhile heat a skillet or tava over medium heat.
Dust your rolling surface with little whole wheat flour.Divide the dough into 6 - 8 equal portions and roll out a portion of the dough into a round and thick roti.
You can shape the roti by pressing out a circle with your fingers as well.Place the roti over the pre-heated skillet and cook it for a few seconds on one side or till a few bubbles appear on top.Turn over the roti and cook the other side for a few more seconds.
Lift the roti tongs and roast over the direct flame till brown spots appear on both the sides.Similarly, prepare the remaining Bajra Rotis.
Serve Bajra Roti immediately smeared with white butter or ghee along with Lahsun Ki Chutney orBharva Baingan, Panchmel Dal and Mooli Raita to make a delicious lunch or dinner for the family.",https://www.archanaskitchen.com/bajri-ki-roti-recipe,"salt,wheat flour,ghee,bajra flour ( pearl millet),water bind the dough",https://www.archanaskitchen.com/images/archanaskitchen/1-Author/Hina_Gujral/Bajri_Ki_Roti_Recipe.jpg,5,0.88,0.8,0.0,10.0,1.0,1.0
Broccoli Rava Idli Recipe,"1 cup Curd (Dahi / Yogurt),1 teaspoon White Urad Dal (Split),Salt - to taste,1 inch Ginger - finely chopped,1/2 cup Water,1 teaspoon Mustard seeds,1/2 cup Polenta,1/2 teaspoon Enos fruit salt,1 sprig Curry leaves,2 Green Chilli - chopped,1/4 teaspoon Asafoetida (hing),1 teaspoon Sunflower Oil,2 tablespoon Cashew nuts,1/2 cup Sooji (Semolina/ Rava),1 cup Broccoli - grated",30,South Indian Recipes,"To begin making the Broccoli Rava Idli Recipe in a pan roast the corn rawa and the sooji rava on a preheated pan on low heat till the rava emits a nice aroma.
This will take about three minutes.Once done keep the rava aside in a big bowl to cool.Now in a pan add oil and let it heat.
Once the oil is hot add mustard seeds, asafoetida, urad dal and saute till the dal turns golden brown in colour.
Once the dal is golden brown in colour add the cashews, green chillies and the curry leaves and ginger.
saute till the cashews turn golden brown in colour.Once done add the grated broccoli, salt to taste and stir to combine.
Saute for a few more seconds till the broccoli turns a bright green colour and turn off the heat.
Keep aside to cool.
Add curd to the cooled down rava mixture and half a cup of water, salt to taste and keep aside for 15 minutes.After fifteen minutes add the broccoli mixture to the curd and rawa mixture and stir to combine.
Now add Enos fruit salt and whisk well.If the Broccoli Rava Idli batter is too thick add little water to make a thick batter of dropping consistency.
Stir well for a couple of minutesPreheat an idli steamer with enough water and keep it  ready.Grease the idli mold with oil or ghee and spoon the Broccoli Rava Idli mixture into the cavities.
Place the Broccoli Rava Idli in the steamer and steam for 10 minutes until done.When you test, the Broccoli Rava Idli should be cooked and the tester should come out clean.With the help of a spoon transfer the Broccoli Rava Idli into a serving plate and serve hot.Serve Broccoli Rava Idli with Coconut Chutney or Tomato Onion Chutney and Potato Saagu for a wholesome breakfast.",https://www.archanaskitchen.com/cornmeal-sooji-and-broccoli-idli-recipe,"cashew nuts,salt,ginger,green chilli,asafoetida (hing),mustard seeds,water,curd,curry leaves,polenta,white urad dal (split),broccoli,sooji (semolina rava),enos fruit salt,sunflower oil",https://www.archanaskitchen.com/images/archanaskitchen/0-Archanas-Kitchen-Recipes/2019/Broccoli_Rava_Idli_Recipe_4_1600.jpg,15,0.88,0.8,0.0,10.0,1.0,1.0
Tomato Jam Recipe,"1 kg Tomato - ripe,Salt - a pinch,2 tablespoons Lemon juice,6 Cloves (Laung) - crush into coarse powder,3/4 kg Sugar,2 Cinnamon Stick (Dalchini) - crush into coarse powder",50,Indian,"To begin making the Tomato Jam recipe, wash tomatoes and make a slit in cross (X) in endways.Boil water nicely.
Switch off and drop tomatoes inside hot water.
Let it remain in it for about 5 to 10 minutes.
This will help to peel skin off from tomatoes easily.Take them out from water, allow to cool.
Peel off skin and discard them.
Squeeze out some of the juice and seeds from it.
You can use it for something else.Chop tomato into very fine pieces or blend in a processor for few seconds.Take a heavy bottom large pan/kadai.
Pour tomatoes into it.
Boil for about 15 minutes on medium high flame to reduce liquid.Add sugar, cinnamon and cloves powder.
Mix well and let the gas be on medium flame.
Bring mixture to full boil stirring frequently in between.As it thickens, stir constantly and reduce the flame.
Make sure not to overcook.
Jam will thicken as it cools.When the jam has reached a thick sauce consistency, add lemon juice.
Mix well, turn off flame.
Cool for about 10 minutes and pour into clean sterilised glass bottles.When the jam has reached a thick sauce consistency, add lemon juice.Mix well, turn off flame.Cool for about 10 mins and pour into clean sterilised glass bottles.Once it cools completely, close the lid and refrigerate/store in a cool dry place.
Use when required for bread, buns, chapathi etc.Serve Tomato Jam during breakfast on toast and along with a cup of Masala Chai.
",https://www.archanaskitchen.com/tomato-jam-recipe,"salt,tomato ripe,cinnamon stick (dalchini) crush coarse powder,sugar,lemon,cloves (laung) crush coarse powder",https://www.archanaskitchen.com/images/archanaskitchen/1-Author/Smitha-Kalluraya/TOMATO_JAM_RECIPE.jpg,6,0.877273,0.909091,0.090909,11.0,0.5,1.0
Easy Gajar Halwa Recipe With Khoya Made In A Pressure Cooker,"1/4 cup Ghee,1/4 cup Mixed dry fruits - sliced (almonds cashew nuts pistachios),400 ml Milk,500 grams Carrots (Gajjar) - washed and peeled (preferably red),200 grams Sugar,150 grams Khoya (Mawa) - grated,1 teaspoon Cardamom Powder (Elaichi),2 tablespoons Ghee",35,North Indian Recipes,"To begin making the Gajar Halwa with Khoya, grate the washed and peeled carrots.Heat a pressure cooker on medium flame, add ghee and grated carrots and saute for a couple of minutes.
Sprinkle a little water and close the pressure cooker.
Pressure cook the carrots for 1 whistle and turn off the flame.
Allow the pressure to release naturally.In the meanwhile, heat a kadai on medium flame, add milk and allow it to come to a rolling boil, turn down the heat and let the milk reduce to 3/4th its quantity.Once the milk has reduced and thickened, add the grated khoya, elaichi powder and sugar.Allow the khoya and sugar to melt and the whole milk mixture to come together.
Now reduce the flame and transfer the cooked carrots into the milk.Continuously stir the milk and carrot mix, till you get a thick gajar halwa.Adjust sugar and elaichi according to your taste and add two more tablespoons of ghee and give the gajar halwa one final stir.
Garnish the Gajar Halwa with dry fruits.
Serve the warm Gajar Halwa along with some vanilla ice cream or cold Gajar Halwa with some Basundi (Rabri) Recipe (A Nutty Condensed Milk Pudding) ",https://www.archanaskitchen.com/gajar-ka-halwa-recipe-with-khoya,"khoya (mawa),carrot (preferably red),ghee,milk,sugar,mixed dry fruits (almonds cashew nuts pistachios),cardamom powder (elaichi)",https://www.archanaskitchen.com/images/archanaskitchen/1-Author/sneha-archanaskitchen.com/Gajar_Halwa_Recipe_with_khoya.jpg,7,0.875909,0.818182,0.0,11.0,0.85,1.0
Masalewali Turai Sabzi Recipe - Masalawali Turai Sabzi Recipe," 1 tablespoon oil, coriander leaves - as per use, 2 tomatoes - make puree, 1/2 teaspoon mustard, salt - as per taste, 1 teaspoon jaggery,2 trumpet - peel and chop, 1/2 teaspoon cumin seeds, 1/2 teaspoon turmeric powder, 1/4 cup water, 1 small Spoon coriander powder, 1/2 teaspoon red chilli powder, 1 ginger",50,North Indian Recipes,"To make the Masala Turi Sabzi recipe, first heat the oil in a pressure cooker.
Add the mustard seeds, cumin seeds and let it splutter.
Now add ginger, tomato, turmeric powder, red chili powder, coriander powder, jaggery and salt.
Let it cook for 3 minutes.
Now add the trumpet and mix well.
Add water, mix, close the cooker and cook till 2 cities come.
After coming to city 3, turn off the gas and let the pressure drain automatically.
Open the cooker and garnish with green coriander.
Serve the Masala Tulsi Sabzi recipe with tomato onion cucumber raita and phulka for dinner.",https://www.archanaskitchen.com/masalewali-turai-sabzi-recipe-ridge-gourd-in-tomato-curry-in-hindi,"tomato,turmeric powder,salt,ginger,coriander leaves,jaggery,red chilli powder,water,mustard,oil,spoon coriander powder,cumin seeds,trumpet",https://www.archanaskitchen.com/images/archanaskitchen/0-Affiliate-Articles/Recipe_Collection/Masala_Wali_Turai_Sabzi_Ridge_Gourd_Masala_North_indian_Recipe_5_1600_1600.jpg,13,0.872727,0.818182,0.090909,11.0,1.0,1.0
Dhaba Style Dal Fry Recipe,"Water - as required,1 Tomato - finely chopped,1 teaspoon Red Chilli powder,1 teaspoon Coriander Powder (Dhania),3 teaspoon Green Chillies,2 tablespoons Chana dal (Bengal Gram Dal),Salt - to taste,2 Cardamom (Elaichi) Pods/Seeds,3 Green Chillies - salted,1 Bay leaf (tej patta) - broken,1 sprig Coriander (Dhania) Leaves - finely chopped,2 Onions - thinly sliced,2 tablespoons Yellow Moong Dal (Split),2 tablespoons White Urad Dal (Split),2 tablespoons Masoor Dal (Whole),1 Black cardamom (Badi Elaichi),2 tablespoons Arhar dal (Split Toor Dal),1 teaspoon Asafoetida (hing),1-1/2 tablespoons Ginger Garlic Paste,Ghee - as required,1 teaspoon Cumin seeds (Jeera),1 teaspoon Mustard seeds,1-1/2 Turmeric powder (Haldi),1 Star anise,4 Cloves (Laung)",30,North Indian Recipes,"To begin making the Dhaba Style Dal Fry, firstly we will boil all the dals together.
Add the dals in a pressure cooker with 1/2 teaspoon turmeric powder and the required salt.Cook it till the pressure cooker releases atlas 3 whistles.
Open the lid once it is cooled down and mix the dal properly.
Keep it aside.Heat oil in a heavy bottomed pan and add hing, cumin seeds and mustard seeds.Once it splutters add bay leaf, badi elaichi, green cardamom, star anise, cloves and salted dry green chillies.After 30 seconds, add the green chillies and ginger-garlic paste.
Cook it for about a minute.Next, add the thinly sliced onions and let it cook till they turn brown.Once done, add the tomatoes and all the masalas including, turmeric powder, red chilli powder, coriander powder and the required salt.Add a little water and cook it for about 5 to 8 minutes or till the masala is properly cooked.Now, add in the cooked dal and adjust the consistency of water according to your taste and preference.Let it simmer for 8 to 10 minutes, switch off the stove and garnish with fresh coriander leaves.Serve Dhaba Style Dal Fry with Sev Tamatar Ki Sabzi, Tomato Onion Cucumber Raita and Phulka for a perfect Rajasthani meal.
",https://www.archanaskitchen.com/dhaba-style-dal-fry-recipe,"tomato,asafoetida (hing),white urad dal (split),onion,cumin seeds (jeera),turmeric powder,green chillies,chana dal (bengal gram dal),black cardamom (badi elaichi),salt,arhar dal (split toor dal),cardamom (elaichi) podsseeds,star anise,mustard seeds,red chilli powder,green chillies salted,water,yellow moong dal (split),bay leaf (tej patta),ghee,ginger garlic paste,coriander (dhania) leaves,cloves (laung),coriander powder,masoor dal",https://www.archanaskitchen.com/images/archanaskitchen/0-Archanas-Kitchen-Recipes/2017/15-feb/Dhaba_Style_Dal_Fry_Recipe-1.jpg,25,0.872727,0.818182,0.090909,11.0,1.0,1.0
Moringa Masoor Dal Recipe - Drumstick Leaves Dal,"1 Dry Red Chilli,1/2 teaspoon Turmeric powder (Haldi),1 cup Pink Masoor Dal (Split),Salt - to taste,1 teaspoon Cumin seeds (Jeera),200 grams Drumstick Leaves (Moringa/Murungai Keerai) - cleaned chopped,1 Green Chilli - slit,1 tablespoon Ghee,1/4 teaspoon Asafoetida (hing),1 Lemon - juice extracted,1 inch Ginger - finely chopped,2 teaspoons Coriander Powder (Dhania),1 Tomato - chopped,1/2 teaspoon Red Chilli powder",40,North Indian Recipes,"To prepare the Methi Masoor Dal Recipe, first wash and soak the masoor dal in 3 cups of water for at least 30 minutes.
While the dal is soaked clean, wash and pat dry the fenugreek leaves.Next, finely chop the drumstick leaves.
Heat a teaspoon of oil in a wok or a kadai and add the chopped drumstick leaves into the wok.
Sprinkle some salt, cover the pan and cook the Moringa leaves until soft and tender.It takes about 2 to 3 minutes and not more than that.
Once done, turn off the heat and keep the cooked moringa leaves aside.In the next step, cook the masoor dal with the spices.
Heat ghee in a pressure cooker over medium heat.
 Add asafoetida and cumin seeds and allow it to crackle.Add the chopped tomato, ginger, green chilli along with coriander powder, turmeric powder, red chilli powder and saute for a minute or so over medium heat.Add soaked masoor dal along with the soaked water to the onion tomato mixture.
Close the lid of the pressure cooker and put the weight on.Cook masoor dal for 3 whistles.
After a couple of whistles, turn the heat to low and simmer the dal for about 5 minutes.
After 5 minutes, turn off the heat.
Allow the pressure to release naturally from the pressure cooker.Once the pressure has released, open the cooker and stir in the sautéed moringa leaves, squeeze juice from one lemon and serve.
Serve the Moringa Masoor Dal Recipe along with Steamed Rice, Kaddu Simla Mirch Sabzi , Phulka to make it a wholesome Indian diabetic friendly dinner.",https://www.archanaskitchen.com/moringa-masoor-dal-recipe-drumstick-leaves-dal,"tomato,salt,ginger,green chilli,drumstick leaves (moringamurungai keerai),asafoetida (hing),ghee,red chilli powder,dry red chilli,pink masoor dal (split),cumin seeds (jeera),lemon,coriander powder,turmeric powder",https://www.archanaskitchen.com/images/archanaskitchen/0-Archanas-Kitchen-Recipes/2018/Moringa_Masoor_Dal_Recipe_Drumstick_Leaves_Masoor_Dal_Recipe_No_Onion_No_Garlic-1.jpg,14,0.872727,0.818182,0.090909,11.0,1.0,1.0
Boondi Ki Kheer Recipe,"Saffron strands - a few,1/2 teaspoon Cardamom Powder (Elaichi),1 teaspoon Rose water,10 Badam (Almond) - blanched,1 liter Milk,1 cup Sweet Boondi",30,North Indian Recipes,"To begin making the Boondi Ki Kheer Recipe, firstly blanch the almonds and cut them into slivers and keep them ready.
See How to blanch Almonds here.
You can either use store bought sweet boondi or make it at home.
Here's how to make homemade Sweet Boondi / Meethi Boondi Recipe.
Getting ahead with the Boondi Ki Kheer RecipeAdd milk in a sauce pan on medium high flame and bring it to a brisk boil.
Once the milk has boiled, reduce the flame to medium- low, add in the saffron strands, and cardamom and let the milk reduce to half its volume.
We are looking for a creamy, thick kheer.
 Once it reduces to half its quantity, turn off the flame.
At this stage add in the rose water, almond slivers and the sweet boondi.
Serve the the Boondi Ki Kheer hot or cold , according to your choice.
Serve Boondi Ki Kheer Recipe as a dessert after a meal of Dal Bukhara Recipe (Punjabi Style Black Urad Dal), Cheese Garlic Naan Recipe, Pickled Onions, Pudina Mushroom And Soya Biryani Recipe and Coriander Tadka Raita Recipe",https://www.archanaskitchen.com/boondi-ki-kheer-recipe,"sweet boondi,milk,saffron strands,rose water,badam (almond),cardamom powder (elaichi)",https://www.archanaskitchen.com/images/archanaskitchen/1-Author/Donna_George/Boondi_Ka_Kheer_Recipe-3_1600.jpg,6,0.872727,0.818182,0.090909,11.0,1.0,1.0
Carrot Idli Recipe,"1 Green Chilli,1/2 teaspoon Mustard seeds,1/4 cup White Urad Dal (Split),1 cup Idli Dosa Batter,1 Carrot (Gajjar),1/2 teaspoon Ginger - minced,Salt - as needed,Curry leaves - a spring,1/4 teaspoon Methi Seeds (Fenugreek Seeds),1 teaspoon Sunflower Oil,1 cup Idli Rice",25,South Indian Recipes,"To begin making the Carrot Idli recipe, wash the carrot really well and chop into small pieces.
Add the chopped carrot pieces in a blender and grind it to form course pieces.
Alternatively you can also grate the carrot.
Add the Carrot into the prepared Idli batter (Check notes for Idli dosa batter)Meanwhile in a pan add in oil once it becomes hot add in mustard seeds, minced ginger and curry leaves add in the prepared tadka to the idli dosa batter.
Mix well Add in the Required Salt to the dosa batter and mix well.Prepare the Idli pan and pour in the prepared batter steam cook in a medium flame for about 12-15 mins till the idli is fully cooked.
Once it is done.
Serve hot.Serve Carrot Idli with South Indian Coconut Chutney, Mysore Chutney or any other chutney of your choice.
",https://www.archanaskitchen.com/carrot-idli-recipe,"idli dosa batter,salt,ginger,green chilli,mustard seeds,idli rice,carrot,white urad dal (split),methi seeds (fenugreek seeds),curry leaves spring,sunflower oil",https://www.archanaskitchen.com/images/archanaskitchen/1-Author/happytrioexplains-gmail.com/Carrot_Idli_Recipe_.jpg,11,0.872727,0.818182,0.090909,11.0,1.0,1.0
Khatti Meethi Tindora Sabzi Recipe - Gujarati Tindora Nu Shaak,"1/2 teaspoon Mustard seeds,1 teaspoon Cumin powder (Jeera),4 sprig Coriander (Dhania) Leaves - a small bunch (chopped),Salt - to taste,1 teaspoon Coriander Powder (Dhania),500 grams Tindora (Dondakaya/ Kovakkai) - cut into rounds or thin slices lengthwise,Raw Peanuts (Moongphali) - a handful of roasted peanuts,1/2 teaspoon Red Chilli powder,1 tablespoon Jaggery,2 tablespoons Sunflower Oil,1 teaspoon Turmeric powder (Haldi),4 Curry leaves - roughly torn,1-1/2 teaspoon Amchur (Dry Mango Powder),1/2 teaspoon Cumin seeds (Jeera),SSP Asafoetida (Hing) - a few pinches",40,Indian,"To begin making the Khatti Meethi Tindora Recipe, we will first steam the vegetable in a steamer or a pressure cooker.
 If you are using a pressure cooker, cut the tinda into the desired shape, either into rounds or into think slices.
Place the cut vegetable into the pressure cooker, sprinkle some salt and 2 tablespoons of water.Cover the pressure cooker, place the weight on and cook the tinda until you hear two whistles.
After two whistles, turn off the heat.We will now release the pressure immediately, by running the pressure cooker under cold water.
By doing this, we are making sure we don't over cook the vegetable and at the same time retain the nutrition content.Open the pressure cooker once the pressure is released and keep it aside.Our next step is to season the vegetable with spices.
Heat the oil in a large wok or a heavy bottomed pan.
Once the oil is heated; add the mustard seeds and cumin seeds.
Allow them to crackle.
Next add in the curry leaves, the steamed vegetable and the remaining ingredients except the roasted peanuts and the chopped coriander.Sauté the tindora sabzi until all the spices get well coated and combined onto the vegetable.The tindora sabzi will have a soft and juicy texture to it.
Check the salt and spice levels and adjust to suit your taste.
Turn off the heat once you achieve this consistency (about 3 to 4 minutes of stir frying).Finally stir in the peanuts and the chopped coriander leaves.
Transfer the Tindora nu shaak to a serving bowl.Serve Khatti Meethi Tindora Sabzi Recipe along with Gujarati Kadhi, Methi Thepla and Steamed Rice for a weekday dinner.",https://www.archanaskitchen.com/khatti-meethi-tinda-recipe-gujarati-style-tindora-nu-shaak,"salt,cumin powder (jeera),amchur (dry mango powder),mustard seeds,asafoetida (hing),peanuts (moongphali) peanuts,jaggery,red chilli powder,tindora (dondakaya kovakkai),curry leaves,cumin seeds (jeera),coriander powder,turmeric powder,coriander (dhania),sunflower oil",https://www.archanaskitchen.com/images/archanaskitchen/0-Archanas-Kitchen-Recipes/2019/Khatti_Meethi_Tindora_Recipe_Gujarati_6_1600.jpg,15,0.872727,0.818182,0.090909,11.0,1.0,1.0
Malai Kofta Curry Recipe - Creamy and Healthy Paneer Aloo Kofta Curry,"Sunflower Oil - for cooking,1 teaspoon Red Chilli powder,1 Onion - finely chopped,1-1/2 cups Paneer (Homemade Cottage Cheese) - crumbled,Salt - to taste,3 Potatoes (Aloo) - boiled,1/4 cup Coriander (Dhania) Leaves - finely chopped,1/4 cup Fresh cream,1 inch Ginger - finely chopped,1 tablespoon Honey,1/2 cup Raisins - a handful,4 cloves Garlic - finely chopped,2 tablespoons Gram flour (besan),1 tablespoon Kasuri Methi (Dried Fenugreek Leaves) - for garnishing,2 teaspoons Coriander Powder (Dhania),2 cups Homemade tomato puree,1/2 teaspoon Red Chilli powder,1/2 teaspoon Turmeric powder (Haldi),1/2 teaspoon Garam masala powder,1/2 teaspoon Cardamom Powder (Elaichi),1 tablespoon Ghee - for cooking",60,North Indian Recipes,"To begin making the Malai Kofta Recipe, combine all the ingredients for the koftas in a bowl and divide them into lemon size balls.Flatten the balls in the palm of your hands and place a couple of raisins in the center.
Close the kofta dough back into a ball and keep aside.The next step is to cook the Malai Koftas either in the Kuzhi Paniyaram PanIf you plan to use the Kuzhi Paniyaram Pan; then place the kofta balls in the pan's cavities; drizzle the koftas with a little oil and pan fry them until golden brown on both sides.
You will have to flip the kofta balls so they fry on all sides evenly.
The next step is to make the Kofta CurryHeat oil in a heavy bottomed pan; add in the grated ginger, garlic, onions and sauté for a few seconds until the onions soften.Stir in the tomato puree, honey, turmeric powder, cardamom powder, garam masala powder, coriander powder, salt and chilli powder to taste.Bring the kofta curry to a boil and simmer for a couple of minutes till the tomatoes get cooked through.Finally add in the cream and the kasuri methi and stir it into the kofta curry.Adjust the consistency of the malai kofta curry by adding water if required.
Do make sure to check the salt and spice levels and adjust according to your taste.
When you are ready to serve, place the kofta curry in the serving bowl and add the warm malai kofta balls in the curry, garnish with coriander leaves and serve hot.Serve Non Fried Malai Kofta Recipe with Tawa parathas and Mixed Vegetable Pulao Recipe and Mooli Raita for lunch or dinner.
You can even serve the Malai Kofta for a indian dinner party menu.",https://www.archanaskitchen.com/malai-kofta-recipe-cottage-cheese-potato-balls-in-creamy-red-gravy,"tomato,salt,ginger,coriander (dhania) leaves,paneer,ghee,red chilli powder,raisins,cloves garlic,gram flour (besan),onion,cardamom powder (elaichi),coriander powder,potato (aloo),turmeric powder,kasuri methi (dried fenugreek leaves),garam masala powder,sunflower oil",https://www.archanaskitchen.com/images/archanaskitchen/0-Archanas-Kitchen-Recipes/2020/Healthy_non_fried_Malai_Kofta_recipe_Paneer_Aloo_Kofta_2_1600.jpg,18,0.870714,0.857143,0.142857,7.0,0.85,1.0
Methi Masoor Dal Recipe With Whole Masoor,"1/2 teaspoon Turmeric powder (Haldi),Salt - to taste,1 teaspoon Cumin seeds (Jeera),1 cup Masoor Dal (Whole),200 grams Methi Leaves (Fenugreek Leaves) - cleaned chopped,1 Green Chilli - slit,1 tablespoon Ghee,1/4 teaspoon Asafoetida (hing),2 teaspoons Coriander Powder (Dhania),1 Tomato - chopped,1/2 teaspoon Red Chilli powder,1 Onion - thinly sliced",40,North Indian Recipes,"To prepare the Methi Masoor Dal Recipe, first wash and soak the masoor dal in 3 cups of water for at least 30 minutes.
While the dal is soaked clean, wash and pat dry the fenugreek leaves.Next, finely chop the methi leaves.
Heat a teaspoon of oil in a wok or a kadai and add the chopped methi leaves into the wok.Saute the methi leaves, until it gets softened.
Methi leaves cooks very quickly and this will take less than a minute to cook.
Once the leaves have softened, turn off the heat.
Keep it aside.In the next step, we will cook the masoor dal with the spices.
Heat ghee in a pressure cooker over medium heat.
 Add asafoetida and cumin seeds and allow it to crackle.Next add onion and saute till they turn soft.
Once the onions have softened, add the chopped tomato, green chilli along with coriander powder, turmeric powder, red chilli powder and saute for a minute or so over medium heat.Add soaked masoor dal along with the soaked water to the onion tomato mixture.
Close the lid of the pressure cooker and put the weight on.Cook masoor dal for 3 whistles.
After a couple of whistles, turn the heat to low and simmer the dal for about 5 minutes.
After 5 minutes, turn off the heat.
Allow the pressure to release naturally from the pressure cooker.Once the pressure has released, open the cooker and lightly mash the masoor dal with the back of a spoon.
Stir in the sautéed methi leaves and serve.Serve the Methi Masoor Dal Recipe along with Tawa Paratha Recipe, Baby corn and Carrot Sabzi Recipe to make it a wholesome Indian diabetic friendly dinner.",https://www.archanaskitchen.com/methi-masoor-dal-recipe,"tomato,salt,green chilli,asafoetida (hing),ghee,methi leaves (fenugreek leaves),red chilli powder,onion,cumin seeds (jeera),coriander powder,turmeric powder,masoor dal",https://www.archanaskitchen.com/images/archanaskitchen/1-Author/sibyl_sunitha/Methi_Masoor_Dal_Recipe_.jpg,12,0.87,0.833333,0.0,12.0,0.7,1.0
Dry Suran Masala Vegetable Recipe,"1 Onion - sliced,1/2 teaspoon Cumin powder (Jeera),1/2 teaspoon Turmeric powder (Haldi),2 teaspoons Sunflower Oil,Salt - to taste,1 teaspoon Garlic - finely chopped,1 teaspoon Coriander Powder (Dhania),2 Green Chillies - slit,1/2 teaspoon Black pepper powder,1/2 teaspoon Garam masala powder,1/2 teaspoon Red Chilli powder,1 sprig Curry leaves,1/2 teaspoon Cumin seeds (Jeera),1 teaspoon Ginger - finely chopped,250 grams Elephant yam (Suran/Senai/Ratalu) - sliced into 1 inch square pieces",35,North Indian Recipes,"To begin making Sukhi Suran Masala Sabzi Recipe first prepare the yam, remove the hard outer skin and then slice yam/ suran into one inch square pieces.
Soak the sliced yam pieces in water and keep aside.Next heat oil in a non stick wok/Kadai or a deep pan and add curry leaves and cumin seeds, saute for a minute.Add the sliced onions, ginger and garlic and saute till the onions are translucent and softened.Now add the drained suran and saute for a minute.
Sprinkle some water, salt to taste and cover the pan and cook the suran and onion masala on low heat for ten minutes.
Once the suran is cooked then add all the dry spices like red chilli powder, coriander powder, jeera powder, black pepper powder, garam masala and stir the masalas in the suran.Stir fry for 3 to 4 more minutes until the masala gets well coated to form a delicious tasting Sukhi Suran Masala Sabzi.
Check the taste and adjust the salt and spices accordingly.Once done, turn off the heat and the Sukhi Suran Masala Sabzi to a serving bowl and serve hot.Serve Sukhi Suran Masala Sabzi with Dal Palak, Steamed Rice and Curd for a healthy weeknight dinner.",https://www.archanaskitchen.com/sukhi-suran-masala-sabzi-recipe,"salt,elephant yam (suransenairatalu),ginger,cumin powder (jeera),red chilli powder,curry leaves,onion,garlic,cumin seeds (jeera),black pepper powder,coriander powder,turmeric powder,green chillies,garam masala powder,sunflower oil",https://www.archanaskitchen.com/images/archanaskitchen/0-Affiliate-Articles/Sukhi_Suran_Masala_Sabzi_Recipe_-_Sukhi_Masala_Jimikand_5_1600.jpg,15,0.87,0.875,0.125,8.0,0.7,1.0
Kaddu Palak Roti Recipe (Pumpkin Spinach Flat Bread),"1 cup Kaddu (Parangikai/ Pumpkin) - grated (red one preferably),1/2 teaspoon Turmeric powder (Haldi),1 cup Spinach - chopped,1/2 teaspoon Coriander Powder (Dhania),1 teaspoon Red Chilli powder,1/4 teaspoon Salt,Water - as required for dough,1 cup Whole Wheat Flour,Sunflower Oil - as required for rotis,1/2 teaspoon Cumin seeds (Jeera)",35,North Indian Recipes,"To begin making the Kaddu Palak Roti recipe, wash the spinach leaves in cold water and chop them finely.Remove the skin from pumpkin and grate them.
In a large bowl, add flour, pumpkin, spinach, spice powders, and salt.
Combine them well.Add water little by little and mix them well to form a tight dough.
Add water cautiously and in small amount since you would not want the dough too be any runny or not pliable.Dust the working surface with flour and roll the dough into small lemon-sized balls.
Dust the discs with flour while rolling them, and roll using rolling pin into thin circular discs.Heat the Tawa over medium flame.
Season the tawa with oil and cook the roti on both sides until they are golden on both sides.Repeat the same for the remaining dough.
Serve it warmly with raita or curry or simple with a bowl of curd.Prepare this Kaddu Palak Roti and serve it for your dinner/breakfast along with Corn And Onion Raita and Dhaniya Pudina Chutney.",https://www.archanaskitchen.com/kaddu-palak-roti-recipe-pumpkin-spinach-flat-bread,"salt,wheat flour,spinach,red chilli powder,sunflower oil rotis,cumin seeds (jeera),parangikai pumpkin (red preferably),coriander powder,water dough,turmeric powder",https://www.archanaskitchen.com/images/archanaskitchen/1-Author/KarthikaKrishnan/Kaddu_Palak_Roti.jpg,10,0.87,0.9,0.1,10.0,0.5,1.0
High-Protein Peanut Chutney Recipe-Indian Style Peanut Chutney Without Coconut,"Curry leaves - handful,3/4 cup Roasted Peanuts (Moongphali),1 teaspoon White Urad Dal (Split),1 Green Chilli,1/2 teaspoon Mustard seeds,Salt - to taste,1 teaspoon Ghee,1/2 inch Ginger,1/2 teaspoon Ghee,2 tablespoons Chana dal (Bengal Gram Dal),1/4 teaspoon White Urad Dal (Split),1 sprig Curry leaves,1-2 Dry Red Chillies",30,Indian,"To begin making the Peanut Chutney Recipe, first place a pan on the heat.
Melt the ghee in it, reduce the heat to low and add peanuts.
Roast them for two to three minutes on a low flame till the peanuts are slightly brown.Next, add urad dal and chana dal to it and roast again till the dals start turning light brown and smell toasted and nutty.Once done add curry leaves and the green chilli.
Stir this for a minute and turn off the heat.
Allow the roasted ingredients to cool down for 5 minutes.Once cooled, place all the roasted ingredients to a mixer grinder and grind it together with ginger, salt and a little water to a smooth paste.
Transfer the peanut chutney into a bowl and keep aside.Now to temper the chutney, place a tadka pan on the heat.
Warm some ghee in it.Add in the mustard seeds and allow the seeds to crackle.
After the mustard seeds have crackled add the urad dal, curry leaves and the red chilis and allow them to splutter as well.
Turn off the heat and  pour the tempering over the peanut chutney, mix well and serveServe the Peanut Chutney along with Aval/ Poha Dosa, Goan Shepeche Polle, Ragi Idli or even Kuzhi Paniyaram as a healthy accompaniment.
",https://www.archanaskitchen.com/peanut-chutney-recipe-indian-style-peanut-chutney-without-coconut,"salt,ginger,green chilli,ghee,mustard seeds,curry leaves,curry leaves,white urad dal (split),dry red chillies,peanuts (moongphali),chana dal (bengal gram dal)",https://www.archanaskitchen.com/images/archanaskitchen/1-Author/Richa_Gupta/Peanut_Chutney.jpg,11,0.87,0.833333,0.0,12.0,0.7,1.0
"Broccoli, Carrot And Capsicum Sabzi Recipe","1 teaspoon Black pepper powder,1 inch Ginger - chopped,1 Tomatoes - chopped,Salt - to taste,1 Green Bell Pepper (Capsicum) - chopped,1 teaspoon Mustard seeds,1 Onion - chopped,1 cup Broccoli - cut into medium heads,1 Green Chilli - slit,4 cloves Garlic - chopped,Sunflower Oil,1 sprig Curry leaves,1 pinch Asafoetida (hing),2 Carrots (Gajjar) - sliced",35,South Indian Recipes,"To begin making the Broccoli, Carrot and Capsicum Sabzi Recipe, heat a kadai with oil, add mustard seeds, hing and allow the mustard seeds to splutter.Once the mustard seeds have crackled add curry leaves and allow it to crackle for few seconds.
Add ginger and garlic and saute until it softens.After the ginger and garlic have softened add the chopped onions, and saute until the onions turn translucent.
Once the onions have turned translucent add chopped tomatoes and sprinkle with little salt and cook till it becomes mushy.Once done add the chopped carrot, capsicum and sprinkle and cook it covered on low heat for about 5 minutes until the carrots become soft and cooked.Once done add broccoli, sprinkle some salt and pepper and cook it covered again for another 5 minutes.Serve the Broccoli, Carrot and Capsicum Sabzi Recipe along with Phulka, Dal Banjara and Lauki Raita for your everyday meal.",https://www.archanaskitchen.com/broccoli-carrot-and-capsicum-subzi-recipe,"tomato,salt,ginger,green chilli,mustard seeds,asafoetida (hing),cloves garlic,carrot,curry leaves,onion,black pepper powder,green bell pepper (capsicum),broccolis,sunflower oil",https://www.archanaskitchen.com/images/archanaskitchen/1-Author/sibyl_sunitha/Broccoli_Carrot_and_Capsicum_Subzi_Recipe.jpg,14,0.87,0.833333,0.0,12.0,0.7,1.0
Sooji Halwa Breakfast Bowl Recipe,"1/4 cup Ghee,1/2 cup Cane sugar,1 tablespoon Cashew nuts,Badam (Almond) - a few,1/2 teaspoon Cardamom Powder (Elaichi),1/2 cup Sooji (Semolina/ Rava),Mixed fruits - (I used figs",20,Indian,"To begin making Sooji Halwa Breakfast Bowl Recipe, get all the ingredients ready.Heat ghee in a saucepan or kadai.
Once hot, add semolina (sooji) and roast it on low heat till you get a nutty aroma from the pan.Now add cardamom powder, cashews and almonds.
Give it a mix.At this stage, add water and cane sugar together and mix well (I used about 1-1/4 cup of water for 1/2 cup semolina.
Add more water if required to maintain a nice halwa (or thick porridge) consistency.Switch off once you see that the halwa is nicely cooked and the rava/semolina has reached its optimal cooked size.Serve with a lot of fruits.
I have served the bowl with coconut slices, banana, fresh figs, pomegranate and kiwi.Garnish with slivered almonds and some cashews and you are good to go.You can as well serve this Sooji Halwa Breakfast Bowl Recipe for kids who prefer sweet breakfast to savoury, may be along with a Turmeric Milk Recipe (Haldi Doodh) and Boiled Eggs Recipe.",https://www.archanaskitchen.com/sooji-halwa-breakfast-bowl-recipe,"cashew nuts,badam (almond) a,ghee,mixed fruits figs,cardamom powder (elaichi),sooji (semolina rava),cane sugar",https://www.archanaskitchen.com/images/archanaskitchen/1-Author/nand1s-yahoo.com/Sooji_Halwa_Breakfast_Bowl.jpg,7,0.87,0.833333,0.0,12.0,0.7,1.0
Paneer in White Gravy Recipe - No Onion No Garlic Recipe,"1 inch Cinnamon Stick (Dalchini),Salt - to taste,1/4 cup Milk,2 Green Chillies - slit,1/4 cup Cashew nuts,250 grams Paneer (Homemade Cottage Cheese) - cut into small cubes,1 tablespoon Ghee,1 Bay leaf (tej patta),1/2 cup Curd (Dahi / Yogurt),1 Brown cardamom (Badi Elaichi),1 Star anise,1 teaspoon Kasuri Methi (Dried Fenugreek Leaves)",35,North Indian Recipes,"To begin making the Paneer in White Gravy Recipe, prep all the ingredients and keep them ready.To make a paste of the cashew nuts, add it to the mixer grinder, add milk and blend to make a smooth paste.Heat ghee in a pan; add the green chillies, bay leaf, star anise, badi elaichi, cinnamon stick and saute for a few seconds.Add the kasuri methi, the cashew paste, yogurt, salt and paneer.
Give the Paneer in white gravy a stir and give it a brisk boil.
Once done, check the salt and adjust according to taste and turn off the heat.Transfer the Paneer In White Gravy to a serving bowl and serve hot.
Sprinkle with more kasuri methi if desired.Serve the  Paneer in White Gravy Recipe along withDal Makhani, Tawa Paratha and Pyaz for a delicious dinner or lunch.",https://www.archanaskitchen.com/paneer-in-white-gravy-recipe-no-onion-no-garlic,"cashew nuts,salt,bay leaf (tej patta),paneer,ghee,milk,curd,cinnamon stick (dalchini),kasuri methi (dried fenugreek leaves),brown cardamom (badi elaichi),green chillies,star anise",https://www.archanaskitchen.com/images/archanaskitchen/0-Archanas-Kitchen-Recipes/2020/Paneer_in_White_Gravy_No_Onion_No_Garlic_Masala_Curry_North_Indian_Sabzi_Recipes_10_1600.jpg,12,0.87,0.875,0.125,8.0,0.7,1.0
Spicy Chana Chaat Frankie Recipe,"1 tablespoon Red Chilli powder,1 teaspoon Sugar,1 inch Ginger - chopped,2 tablespoon Chaat Masala Powder,Salt - to taste,2 sprig Coriander (Dhania) Leaves - chopped,1 cup Kabuli Chana (White Chickpeas) - soaked overnight and boiled,4 cloves Garlic - pound,1 Onion - chopped,1 Green Chilli - chopped,1 cup Whole Wheat Flour,1 pinch Salt,1 teaspoon Turmeric powder (Haldi),1 Tomato - chopped,2 tablespoon Cumin powder (Jeera)",55,North Indian Recipes,"To begin making Spicy Chana Chaat Frankie Recipe soak the chickpeas in water till overnight.
Boil the chickpeas in a pressure cooker with water, so that lentils are fully immersed.
Pressure cook them for 30 minutes until they are cooked.Remove from the heat, wait until all the pressure is released naturally.
Strain the chickpeas and keep 1 cup of the cooked water for later use.Heat a sauce pan on medium heat with oil, add ginger garlic that is chopped and fry for 1 minutes till it softens.Add the cooked chickpeas, along with red chilli powder, turmeric power, chaat masala, cumin powder, sugar and salt.
Give it a toss.
At this point add the preserved water and cook until the water is all evaporated and you get a little wet gravy.Switch off the heat and add all the chopped vegetables along coriander leaves and give it a toss.
Check for salt and keep it aside.To make the parathasKnead the flour with water to form a firm dough.
Take a medium sized ball from the dough, dust some flour on to your rolling board and flatten the dough.
Start rolling the dough flat to form a big circle.
Do not roll it too thin.With skillet on medium high heat, place one rolled out paratha on the skillet.
After a few seconds you will notice an air pockets popping out.
At this point flip the plain paratha and smear about 1/2 a teaspoon of ghee.
Using a flat spatula do a light pressing and turning motion to cook to the paratha.Flip to the other side and press and turn the paratha in a similar way.
You will notice brown spots around the parathas and it will be slightly crisp.
Remove from heat and place on a platter or serve hot.Continue the similar process with the remaining rolled portions and stack the cooked paratha.To assembleTake out one paratha, smear mustard sauce evenly and spoon the stuffing and place it on one side of the paratha and start rolling it tightly.You can wrap it tightly with an aluminum foil and cover it tightly.
This will help you to eat the roll more conveniently.
You can cut it in the middle and peel off the wrapper and pack it for your lunch box as well.Serve the Spicy Chana Chaat Frankie along with green chutney and some fresh Carrot Cucumber Tomato Salad by the side to enjoy your evening snack.",https://www.archanaskitchen.com/spicy-chana-chaat-frankie-recipe,"tomato,salt,wheat flour,ginger,cumin powder (jeera),green chilli,chaat masala powder,red chilli powder,kabuli chana (white chickpeas),sugar,coriander (dhania) leaves,cloves garlic pound,onion,turmeric powder",https://www.archanaskitchen.com/images/archanaskitchen/1-Author/sibyl_sunitha/Spicy_Chana_Chaat_Frankie_Recipe.jpg,14,0.868333,0.833333,0.083333,12.0,0.85,1.0
